slot_id,fixture_id,repeat_id,profile_id,arm,total_budget_seconds,goal_invocation_limit_seconds,goal_reached,warmup_goal_reached,native_import_goal_reached,native_continuation_goal_reached,auxiliary_concrete_goal_confirmed,observation_end_seconds,charged_end_seconds,unused_budget_seconds,completed_sequences,partial_sequences,augmentation_status,accepted_seed_count,miss_or_hit_reason,sequence_new_count,state_new_count,coverage_new_count,event_stream_sha256
phase_counter/repeat-01/b08-native,phase_counter,1,b08-native,native_resume,8.0,,False,False,False,False,False,6.013495707927055,6.237221665913239,1.7627783340867609,825,0,not_applicable,0,native_continuation_no_goal,788,8,0,5f7df518b8eb637501e115577b0afb36dc13cd4e8a768f7d610e9442bf813046
phase_counter/repeat-01/b08-concrete,phase_counter,1,b08-concrete,concrete_augment,8.0,,False,False,False,False,False,6.010092831998671,6.235754708002787,1.764245291997213,637,0,no_candidate,0,no_candidate,603,8,0,68b9ac43f1032e0275e0efe9c1cda3c25c34aecbcdcb50083af500cc1e061069
phase_counter/repeat-01/b08-symbolic-q075,phase_counter,1,b08-symbolic-q075,symbolic_augment,8.0,0.75,True,False,True,True,True,6.0239756669611815,6.235332082957029,1.7646679170429707,440,0,completed,1,native_import_goal_reached,316,9,1,372c0575f66c389353ef3f172131e9a0247bcff92fe467ea9fc2926371e65dee
phase_counter/repeat-01/b32-native,phase_counter,1,b32-native,native_resume,32.0,,False,False,False,False,False,30.027124624952467,31.021699249977246,0.9783007500227541,4874,0,not_applicable,0,native_continuation_no_goal,4478,8,0,7564201e4125bfb0ce6e81c26332c4fda35206826bd3417ee6ff8da39eff92d8
phase_counter/repeat-01/b32-concrete,phase_counter,1,b32-concrete,concrete_augment,32.0,,False,False,False,False,False,30.014755749939688,30.99698279198492,1.0030172080150805,4699,0,no_candidate,0,no_candidate,4333,8,0,e76c7583df9ff078521d4bd07215ee3aa6f2efc7bbced29253bbfc4480b10e86
phase_counter/repeat-01/b32-symbolic-q075,phase_counter,1,b32-symbolic-q075,symbolic_augment,32.0,0.75,True,False,True,True,True,30.01901408400243,31.01161541696638,0.9883845830336213,4547,0,completed,1,native_import_goal_reached,2987,9,1,0955329dcf59205a3962dc6faa29f75573b97d26965225e4369866f29d3b5c56
phase_counter/repeat-01/b32-symbolic-q050,phase_counter,1,b32-symbolic-q050,symbolic_augment,32.0,0.5,True,False,True,True,True,30.03420174900471,31.001970707962755,0.9980292920372449,4402,0,completed,1,native_import_goal_reached,2998,9,1,d749e0072474a1e22163d29340332659a5629bd45f66fcd57ec1f40e07136c90
phase_counter/repeat-01/b32-symbolic-q150,phase_counter,1,b32-symbolic-q150,symbolic_augment,32.0,1.5,True,False,True,True,True,30.025197541961546,30.98889837396564,1.0111016260343604,4282,0,completed,1,native_import_goal_reached,2812,9,1,84b3a3d891bb780d371e5784166a6634ae38e81473f910f503a9b0dcad9f9d97
phase_counter/repeat-02/b08-concrete,phase_counter,2,b08-concrete,concrete_augment,8.0,,False,False,False,False,False,6.044082585010786,6.299108167993836,1.700891832006164,644,0,no_candidate,0,no_candidate,611,6,0,501ea08acbaa35ef0d8ba63a3f8b6754a198b3365e8d8523c644ad07dc0d0a41
phase_counter/repeat-02/b08-symbolic-q075,phase_counter,2,b08-symbolic-q075,symbolic_augment,8.0,0.75,True,False,True,True,True,6.05218512599516,6.222424333973322,1.777575666026678,385,0,completed,1,native_import_goal_reached,328,7,1,668de56088113d7265f9dd433e3ccce52642a22f348ef9b0cb8e0dc60abc31f1
phase_counter/repeat-02/b32-native,phase_counter,2,b32-native,native_resume,32.0,,False,False,False,False,False,30.050887418033277,31.100827793008648,0.8991722069913521,4824,0,not_applicable,0,native_continuation_no_goal,4369,6,0,e56e3d931a232661f90646787495ca749b3d747e4d325c6907faec53149148a1
phase_counter/repeat-02/b32-concrete,phase_counter,2,b32-concrete,concrete_augment,32.0,,False,False,False,False,False,30.02997108396192,31.017810916993767,0.982189083006233,4814,0,no_candidate,0,no_candidate,4316,6,0,2b6bf827fa33acdef5a090767ef295cb0196de5af76b73730170f19bce4e520f
phase_counter/repeat-02/b32-symbolic-q075,phase_counter,2,b32-symbolic-q075,symbolic_augment,32.0,0.75,True,False,True,True,True,30.01033283401612,30.941951417014934,1.0580485829850659,4611,0,completed,1,native_import_goal_reached,3542,7,1,eff262c00014152b4164ad1753ef2c3fcebeee4e274bd4e9172be44bce1dafa0
phase_counter/repeat-02/b32-symbolic-q050,phase_counter,2,b32-symbolic-q050,symbolic_augment,32.0,0.5,True,False,True,True,True,30.01485987494711,31.040587958937977,0.9594120410620235,4717,0,completed,1,native_import_goal_reached,3623,7,1,16912758e5e874547c0d2d29b484bc6a4f141edfee749132a6a5d8282e29b759
phase_counter/repeat-02/b32-symbolic-q150,phase_counter,2,b32-symbolic-q150,symbolic_augment,32.0,1.5,True,False,True,True,True,30.02288575001283,31.001906834018882,0.9980931659811176,4628,0,completed,2,native_import_goal_reached,3282,8,1,18e8372d3873fde0177503465ab4865e6947f50a96ea61c09c7a44bc35880b53
phase_counter/repeat-02/b08-native,phase_counter,2,b08-native,native_resume,8.0,,False,False,False,False,False,6.027443666978124,6.301874000986572,1.6981259990134276,845,0,not_applicable,0,native_continuation_no_goal,793,6,0,bcfff7a853556b673f03f5cc441282090160f1152eaed88f497717aa7837a8dc
phase_counter/repeat-03/b08-symbolic-q075,phase_counter,3,b08-symbolic-q075,symbolic_augment,8.0,0.75,True,False,True,True,True,6.030033708030195,6.244998248992488,1.7550017510075122,478,0,completed,2,native_import_goal_reached,378,9,1,c850e68ab8a0b60d3d4893ad4035e906fba788e35a2d3a1261f649ce8604e146
phase_counter/repeat-03/b32-native,phase_counter,3,b32-native,native_resume,32.0,,False,False,False,False,False,30.00565649901959,31.01818712404929,0.981812875950709,5041,0,not_applicable,0,native_continuation_no_goal,4533,7,0,e012240a0142953a407649dd14d706f939995c92d493c9b8ffa917f739c07c3e
phase_counter/repeat-03/b32-concrete,phase_counter,3,b32-concrete,concrete_augment,32.0,,False,False,False,False,False,30.008439331992818,31.0715154579957,0.9284845420042984,5003,0,no_candidate,0,no_candidate,4493,7,0,f3f0dc4b164aaae395da5e0b990f6e998d9b0639386d2f5960129b1808ee8659
phase_counter/repeat-03/b32-symbolic-q075,phase_counter,3,b32-symbolic-q075,symbolic_augment,32.0,0.75,True,False,True,True,True,30.02217128997684,30.973087040998507,1.0269129590014927,4651,0,completed,2,native_import_goal_reached,3423,9,1,6d5f6638db7a38f9da192b19941a3155c267c6c039127f40c1d311c5e8b8880a
phase_counter/repeat-03/b32-symbolic-q050,phase_counter,3,b32-symbolic-q050,symbolic_augment,32.0,0.5,True,False,True,True,True,30.000858248981928,30.98526166600641,1.0147383339935914,4647,0,completed,2,native_import_goal_reached,3378,9,1,8effa4cc2955ea67eb3544f4c7091ef14201e731d264f8570495ea194c2ac0a5
phase_counter/repeat-03/b32-symbolic-q150,phase_counter,3,b32-symbolic-q150,symbolic_augment,32.0,1.5,True,False,True,True,True,30.019016000009948,31.03782637399854,0.9621736260014586,4679,0,completed,2,native_import_goal_reached,3404,9,1,7cc5e26e84108cc647ee8ab313724e97ec77fd5cbe6f7637e2730c8695cddfe4
phase_counter/repeat-03/b08-native,phase_counter,3,b08-native,native_resume,8.0,,False,False,False,False,False,6.033690582025401,6.305631791008636,1.6943682089913636,877,0,not_applicable,0,native_continuation_no_goal,818,7,0,155d08ed30cb39900b241623725070d67518dd65b50cd6d6fc4c645fc7424759
phase_counter/repeat-03/b08-concrete,phase_counter,3,b08-concrete,concrete_augment,8.0,,False,False,False,False,False,6.006025458009306,6.261778791027609,1.7382212089723907,728,0,no_candidate,0,no_candidate,683,7,0,3fd02c56b4df7e4bfb4e721f6e2e02b8766f9f61d432e21378a4012ada44dbad
phase_counter/repeat-04/b32-native,phase_counter,4,b32-native,native_resume,32.0,,False,False,False,False,False,30.010874332979533,31.042184541991446,0.9578154580085538,4883,0,not_applicable,0,native_continuation_no_goal,4469,8,0,d433ad9e81a8af4d0c889625893ffd9a3f47904a0699a299d9e069111d216764
phase_counter/repeat-04/b32-concrete,phase_counter,4,b32-concrete,concrete_augment,32.0,,True,False,True,True,True,30.011488500036744,31.0292629590258,0.9707370409741998,4784,0,completed,1,native_import_goal_reached,3688,9,1,39a0922728fea133c9b1b51cc35f092e87af41edaf26e4721241c3abd2632724
phase_counter/repeat-04/b32-symbolic-q075,phase_counter,4,b32-symbolic-q075,symbolic_augment,32.0,0.75,True,False,True,True,True,30.0135372920208,30.987363666994497,1.0126363330055028,4604,0,completed,2,native_import_goal_reached,3391,10,1,286c54474115d9fc70b7b0a63740c84646bbbeee0797528bada78d56d6f123f2
phase_counter/repeat-04/b32-symbolic-q050,phase_counter,4,b32-symbolic-q050,symbolic_augment,32.0,0.5,True,False,True,True,True,30.017481333000283,31.02976858400507,0.970231415994931,4603,0,completed,2,native_import_goal_reached,3396,10,1,d1930d8c7843eb46c9658f1145b90c0f8a21ca8aca2cb5a7bfdbc043173be984
phase_counter/repeat-04/b32-symbolic-q150,phase_counter,4,b32-symbolic-q150,symbolic_augment,32.0,1.5,True,False,True,True,True,30.021468873974694,31.019055374956224,0.9809446250437759,4555,0,completed,1,native_import_goal_reached,3570,9,1,853175fd0616e31931b09bf0f78630b89adfd64499b45250d5fec696a298adb7
phase_counter/repeat-04/b08-native,phase_counter,4,b08-native,native_resume,8.0,,False,False,False,False,False,6.023624751028727,6.2577432920224965,1.7422567079775035,810,0,not_applicable,0,native_continuation_no_goal,771,8,0,7ccf5087750bd9fdaf8a7ac153c3cb10e8795e36206c49f69ffa31ba572e8653
phase_counter/repeat-04/b08-concrete,phase_counter,4,b08-concrete,concrete_augment,8.0,,True,False,True,True,True,6.010187376031023,6.25649570900714,1.7435042909928598,686,0,completed,1,native_import_goal_reached,580,9,1,18a289f6ed0cc1d625ba9a2157ad6b717aad56391b3ec8b1d642de8812c4e562
phase_counter/repeat-04/b08-symbolic-q075,phase_counter,4,b08-symbolic-q075,symbolic_augment,8.0,0.75,True,False,True,True,True,6.026879959017933,6.242662000004202,1.7573379999957979,447,0,completed,1,native_import_goal_reached,383,9,1,e5366b99bf33157d79174549fd7f6281255bc1cef177d3e7f2c6f6976d0bb894
phase_counter/repeat-05/b32-concrete,phase_counter,5,b32-concrete,concrete_augment,32.0,,True,False,True,True,True,30.021985249033246,31.053095209004823,0.9469047909951769,4874,0,completed,2,native_import_goal_reached,3542,5,1,fb3f202f91fb9ed099568a8b989d0fdf061a92291da72e75332dad0e466487b7
phase_counter/repeat-05/b32-symbolic-q075,phase_counter,5,b32-symbolic-q075,symbolic_augment,32.0,0.75,True,False,True,True,True,30.01580304198975,30.9971481669927,1.0028518330072984,4672,0,completed,1,native_import_goal_reached,3558,5,1,1b4cacc5cdab7680e84ec243dd895b98ec44861967e68a4673e18f27b6a82fc6
phase_counter/repeat-05/b32-symbolic-q050,phase_counter,5,b32-symbolic-q050,symbolic_augment,32.0,0.5,True,False,True,True,True,30.019849667025596,30.998532209021505,1.001467790978495,4671,0,completed,1,native_import_goal_reached,3570,5,1,f96a9e5006001b8a03a2b1505aed3ed73d734f1b6071f0fd261eb6a9e0685ccc
phase_counter/repeat-05/b32-symbolic-q150,phase_counter,5,b32-symbolic-q150,symbolic_augment,32.0,1.5,True,False,True,True,True,30.033679249961608,31.025612458004616,0.9743875419953838,4669,0,completed,1,native_import_goal_reached,3581,5,1,e6d1ea71b02744e07c8e09f5b4fab52a03f14431df1ef7439fe30ee0caa3dda2
phase_counter/repeat-05/b08-native,phase_counter,5,b08-native,native_resume,8.0,,False,False,False,False,False,6.025688790993224,6.291793583019171,1.708206416980829,853,0,not_applicable,0,native_continuation_no_goal,795,4,0,b7ba275a0cffbfc247d2c21aad5d8e40c3c0f453cf8518b34bb7964af1487da0
phase_counter/repeat-05/b08-concrete,phase_counter,5,b08-concrete,concrete_augment,8.0,,True,False,True,True,True,6.029657707939938,6.297806041955482,1.7021939580445178,644,0,completed,2,native_import_goal_reached,529,5,1,f8f1984d898054a4671c6357a4ff17f3c7c1a0e1e43e6043bb8c6572dd736b0c
phase_counter/repeat-05/b08-symbolic-q075,phase_counter,5,b08-symbolic-q075,symbolic_augment,8.0,0.75,True,False,True,True,True,6.021891041000831,6.203554457984865,1.7964455420151353,437,0,completed,1,native_import_goal_reached,383,5,1,a17902c8de19b11b4892de46b853638cacd5d32084fd10fbd52d562601d1c421
phase_counter/repeat-05/b32-native,phase_counter,5,b32-native,native_resume,32.0,,False,False,False,False,False,30.03867595902344,31.099782459030394,0.9002175409696065,5033,0,not_applicable,0,native_continuation_no_goal,4520,4,0,c34f95ab309cd49314d2b044fd14542ddbf877dde23fdfac59bf89203c6e59f5
phase_counter/repeat-06/b32-symbolic-q075,phase_counter,6,b32-symbolic-q075,symbolic_augment,32.0,0.75,True,False,True,True,True,30.01027291802368,30.990346750011668,1.0096532499883324,4471,0,completed,1,native_import_goal_reached,2988,13,1,006c3d9957f2412703e12a7f685d5846fc0ac9c86077ce6110ee91e7c30c625d
phase_counter/repeat-06/b32-symbolic-q050,phase_counter,6,b32-symbolic-q050,symbolic_augment,32.0,0.5,True,False,True,True,True,30.02065062399698,30.980392249999568,1.0196077500004321,4481,0,completed,1,native_import_goal_reached,2939,13,1,bc53f94b1fbbbe2b62620f0c2109da24017498017fc720767c3d1786c12eca7c
phase_counter/repeat-06/b32-symbolic-q150,phase_counter,6,b32-symbolic-q150,symbolic_augment,32.0,1.5,True,False,True,True,True,30.019364416024136,30.96672604099149,1.0332739590085112,4483,0,completed,1,native_import_goal_reached,3018,13,1,5afca47cb202d0139f48f7b2590f352183db84a5263f5c71fdeb9f077fad7875
phase_counter/repeat-06/b08-native,phase_counter,6,b08-native,native_resume,8.0,,False,False,False,False,False,6.002835208051725,6.282982458011247,1.7170175419887528,820,0,not_applicable,0,native_continuation_no_goal,779,12,0,8905369240094757ab74ae9c22de6534dd27ecba3efd5ad4585ca7bcdccde2f4
phase_counter/repeat-06/b08-concrete,phase_counter,6,b08-concrete,concrete_augment,8.0,,False,False,False,False,False,6.005125541014014,6.251176083984319,1.7488239160156809,666,0,no_candidate,0,no_candidate,641,12,0,5ebbb2e4aa10338ee69c1c015e756deefea533273b960e0b18fe24b5f84f70bc
phase_counter/repeat-06/b08-symbolic-q075,phase_counter,6,b08-symbolic-q075,symbolic_augment,8.0,0.75,True,False,True,True,True,6.027056458036031,6.244026542000938,1.7559734579990618,430,0,completed,1,native_import_goal_reached,304,13,1,3a9fa856e12ecfde9dc2ff9e6308d0b71f30ace7e1255e8b477e2c0e9a9ecb9a
phase_counter/repeat-06/b32-native,phase_counter,6,b32-native,native_resume,32.0,,False,False,False,False,False,30.01084279100367,31.055339417012874,0.944660582987126,4809,0,not_applicable,0,native_continuation_no_goal,4408,12,0,bd8ab3bea924de3ec89e53bcc8960609b7aa6327b674fa3a4018c06e5d0e5bee
phase_counter/repeat-06/b32-concrete,phase_counter,6,b32-concrete,concrete_augment,32.0,,False,False,False,False,False,30.021584167003237,31.03780666703824,0.9621933329617605,4479,0,no_candidate,0,no_candidate,4115,12,0,920ad423129ae4d58436b7f496003d31583631b5a0e8b8ea0a0359a3f6d8e433
phase_counter/repeat-07/b32-symbolic-q050,phase_counter,7,b32-symbolic-q050,symbolic_augment,32.0,0.5,True,False,True,True,True,30.029097458964774,30.999049165984616,1.0009508340153843,4537,0,completed,1,native_import_goal_reached,3425,6,1,a07a46cb1194cfe3db0169c8d607985edf6f384722f4d94cf0f5a1069771028b
phase_counter/repeat-07/b32-symbolic-q150,phase_counter,7,b32-symbolic-q150,symbolic_augment,32.0,1.5,True,False,True,True,True,30.02058691598291,31.053421165968757,0.9465788340312429,4622,0,completed,1,native_import_goal_reached,3500,6,1,9e94079d88e12eaff49ebcc12727de3f97c8ee8bd6402df63a43c74418dcb71d
phase_counter/repeat-07/b08-native,phase_counter,7,b08-native,native_resume,8.0,,False,False,False,False,False,6.048829665984128,6.324744957964867,1.6752550420351326,862,0,not_applicable,0,native_continuation_no_goal,804,5,0,66eefc3ee3b174522b28a803e2b6ea00b216b3b8645f0ddaff6170decb536b01
phase_counter/repeat-07/b08-concrete,phase_counter,7,b08-concrete,concrete_augment,8.0,,False,False,False,False,False,6.014605831995575,6.278646582970396,1.7213534170296043,717,0,no_candidate,0,no_candidate,676,5,0,286a974a9f4b5a2749cda793e3179f26bf4b4091e0d192f1d40d2b602e47a482
phase_counter/repeat-07/b08-symbolic-q075,phase_counter,7,b08-symbolic-q075,symbolic_augment,8.0,0.75,True,False,True,True,True,6.015497457042865,6.217095666041132,1.782904333958868,464,0,completed,1,native_import_goal_reached,391,6,1,b3f62460d8de9f792df4061ef6bbd10c13fde6f78ced74d1fe62dff5d21fc77c
phase_counter/repeat-07/b32-native,phase_counter,7,b32-native,native_resume,32.0,,False,False,False,False,False,30.01914991704237,31.059305541042704,0.9406944589572959,5092,0,not_applicable,0,native_continuation_no_goal,4538,5,0,25e39a1d9ad98bc88f74e9d0e3c567a064623c685bf27017e64d51490a291a77
phase_counter/repeat-07/b32-concrete,phase_counter,7,b32-concrete,concrete_augment,32.0,,False,False,False,False,False,30.011513166015572,31.04322187404614,0.9567781259538606,4969,0,no_candidate,0,no_candidate,4465,5,0,2989f6757886e3c997bb5d369b81667015866997139feeed11542badc63ef6a0
phase_counter/repeat-07/b32-symbolic-q075,phase_counter,7,b32-symbolic-q075,symbolic_augment,32.0,0.75,True,False,True,True,True,30.0154919989852,30.994847290974576,1.005152709025424,4644,0,completed,1,native_import_goal_reached,3488,6,1,8b3b7c839045e63901d787b1148354df14d7e5e3af2098e16aeac8f97939e740
phase_counter/repeat-08/b32-symbolic-q150,phase_counter,8,b32-symbolic-q150,symbolic_augment,32.0,1.5,True,False,True,True,True,30.01535683295598,31.048999541962985,0.951000458037015,4668,0,completed,1,native_import_goal_reached,3540,4,1,2103ed2d63145ee9e1d443d59512e3016ab70b29db23f9fec7bfe7bc46dade6c
phase_counter/repeat-08/b08-native,phase_counter,8,b08-native,native_resume,8.0,,False,False,False,False,False,6.020768082946941,6.288691165973432,1.7113088340265676,881,0,not_applicable,0,native_continuation_no_goal,818,3,0,c5e5d0a9b228db82d4fd242b553f902bd1d89a3f8c98ed2011443417920a8e86
phase_counter/repeat-08/b08-concrete,phase_counter,8,b08-concrete,concrete_augment,8.0,,True,False,True,True,True,6.008974875007849,6.285276125010569,1.7147238749894314,725,0,completed,1,native_import_goal_reached,598,4,1,5b61b4b74db3ca7e95ab0c0f58a88f7ecf0fbdc2e67d17d31fc38bf2f45569d4
phase_counter/repeat-08/b08-symbolic-q075,phase_counter,8,b08-symbolic-q075,symbolic_augment,8.0,0.75,True,False,True,True,True,6.015878792972871,6.222068624978419,1.7779313750215806,483,0,completed,1,native_import_goal_reached,400,4,1,6a84d1ea497b6ed7393da161db9e34cfc03e158dafe78005d90db0804d676b5c
phase_counter/repeat-08/b32-native,phase_counter,8,b32-native,native_resume,32.0,,False,False,False,False,False,30.01008774996931,31.063769207976293,0.9362307920237072,5159,0,not_applicable,0,native_continuation_no_goal,4642,3,0,374bbc40e21c7d3eefae74443ca596e7292093e29630c051f27e08f247793ab1
phase_counter/repeat-08/b32-concrete,phase_counter,8,b32-concrete,concrete_augment,32.0,,True,False,True,True,True,30.011508750981527,31.040506999997888,0.9594930000021122,4927,0,completed,1,native_import_goal_reached,3752,4,1,77173b60e8341dae69fcf4ce17173f78f860b344068dfee07ed88516edc34b8f
phase_counter/repeat-08/b32-symbolic-q075,phase_counter,8,b32-symbolic-q075,symbolic_augment,32.0,0.75,True,False,True,True,True,30.018142873957878,31.010669915995095,0.9893300840049051,4635,0,completed,1,native_import_goal_reached,3582,4,1,ef4527d853b93a8b3ac670533ef37cfff87c586a0630f921b4b163c11ca9a7ed
phase_counter/repeat-08/b32-symbolic-q050,phase_counter,8,b32-symbolic-q050,symbolic_augment,32.0,0.5,True,False,True,True,True,30.02326074894663,30.980980165943038,1.0190198340569623,4655,0,completed,1,native_import_goal_reached,3545,4,1,d2b7983f63305cd88f158b2653eab273f8acd1350eafc6b825db97a63f8de16b
phase_counter/repeat-09/b08-native,phase_counter,9,b08-native,native_resume,8.0,,False,False,False,False,False,6.011019125012338,6.275954750017263,1.724045249982737,875,0,not_applicable,0,native_continuation_no_goal,811,5,0,f676ab171cd9db07588d5d014dc83c9d6d83719259b2beb078b48705dfd4b5ce
phase_counter/repeat-09/b08-concrete,phase_counter,9,b08-concrete,concrete_augment,8.0,,False,False,False,False,False,6.005772581991664,6.2554795410251245,1.7445204589748755,722,0,no_candidate,0,no_candidate,683,5,0,315956b1284516b5ddc4d024a7f4c156e46931168993ade8ca4c4ddb35cfe0a7
phase_counter/repeat-09/b08-symbolic-q075,phase_counter,9,b08-symbolic-q075,symbolic_augment,8.0,0.75,True,False,True,True,True,6.018428582944601,6.258974124968518,1.7410258750314824,473,0,completed,1,native_import_goal_reached,387,6,1,f018861016091b975a7c7f22536191e3bc07b97233bf0e09b09c08584aac6fb5
phase_counter/repeat-09/b32-native,phase_counter,9,b32-native,native_resume,32.0,,False,False,False,False,False,30.007232748995605,31.05919137399178,0.94080862600822,5092,0,not_applicable,0,native_continuation_no_goal,4583,5,0,111979cc51fa49410241b2cc9c3c2e5d30e8cb82ee7319eb6791636e3d5e946f
phase_counter/repeat-09/b32-concrete,phase_counter,9,b32-concrete,concrete_augment,32.0,,False,False,False,False,False,30.006753874983787,31.103023499948904,0.8969765000510961,5053,0,no_candidate,0,no_candidate,4565,5,0,2fe4c3e7ba7fcd22fe6699c8d80bcc6de334041e3543a895a4803b638f3e1c08
phase_counter/repeat-09/b32-symbolic-q075,phase_counter,9,b32-symbolic-q075,symbolic_augment,32.0,0.75,True,False,True,True,True,30.01996987396783,30.981456040986814,1.0185439590131864,4753,0,completed,1,native_import_goal_reached,3659,6,1,fc7f925bc0da71fa8c2a18c7581f208876f9cc1016ef335eb3558917ed154844
phase_counter/repeat-09/b32-symbolic-q050,phase_counter,9,b32-symbolic-q050,symbolic_augment,32.0,0.5,True,False,True,True,True,30.012187416998128,31.01385387504706,0.9861461249529384,4720,0,completed,1,native_import_goal_reached,3611,6,1,c5aeb01deb855523fab5731798af2adaae72633f99b02af5931dea4a47246b69
phase_counter/repeat-09/b32-symbolic-q150,phase_counter,9,b32-symbolic-q150,symbolic_augment,32.0,1.5,True,False,True,True,True,30.017725459024085,31.023389249981847,0.9766107500181533,4614,0,completed,1,native_import_goal_reached,3467,6,1,0764ab9b99fc223d607b3116cdd7952306ff8ebd438dfc497844a41aa6f1c9c3
phase_counter/repeat-10/b08-concrete,phase_counter,10,b08-concrete,concrete_augment,8.0,,False,False,False,False,False,6.014037457972922,6.278184207971208,1.7218157920287922,739,0,no_candidate,0,no_candidate,688,3,0,bd211276ac0a93d6f86648e95ba611affc5f202ea30ab84483582bd294447321
phase_counter/repeat-10/b08-symbolic-q075,phase_counter,10,b08-symbolic-q075,symbolic_augment,8.0,0.75,True,False,True,True,True,6.019288124017673,6.236616374982987,1.7633836250170134,479,0,completed,1,native_import_goal_reached,396,4,1,ab47985718e80a3e14b1893c4cb10b024ffb8a7c37a92de448b80ef451e0215b
phase_counter/repeat-10/b32-native,phase_counter,10,b32-native,native_resume,32.0,,False,False,False,False,False,30.006962458012097,31.09287133300677,0.9071286669932306,5034,0,not_applicable,0,native_continuation_no_goal,4521,3,0,d30993eb6a906a48ac0e836e36cac29e526ce979c6933f552dbb913e2e0cae7b
phase_counter/repeat-10/b32-concrete,phase_counter,10,b32-concrete,concrete_augment,32.0,,False,False,False,False,False,30.018706375002736,31.054657083004713,0.9453429169952869,4888,0,no_candidate,0,no_candidate,4411,3,0,aed934523a83c0b04a686bf5cfcd305510d391d0aec1d9da636b2bb8d7bae954
phase_counter/repeat-10/b32-symbolic-q075,phase_counter,10,b32-symbolic-q075,symbolic_augment,32.0,0.75,True,False,True,True,True,30.02009062600138,30.998352041991893,1.0016479580081068,4733,0,completed,1,native_import_goal_reached,3622,4,1,b832dd2a90e8582618be6ae39928a99567679a779369dbb5cbbfa64ba174e3bc
phase_counter/repeat-10/b32-symbolic-q050,phase_counter,10,b32-symbolic-q050,symbolic_augment,32.0,0.5,True,False,True,True,True,30.01772074900846,31.002260499983095,0.9977395000169054,4766,0,completed,2,native_import_goal_reached,3453,5,1,aeb07105d5de0587eba45a6284b9345cd2eaab67ee82d22d6655f7c310f9a467
phase_counter/repeat-10/b32-symbolic-q150,phase_counter,10,b32-symbolic-q150,symbolic_augment,32.0,1.5,True,False,True,True,True,30.0068864990238,30.998666583036538,1.0013334169634618,4779,0,completed,1,native_import_goal_reached,3621,4,1,57df8936220dcee81c7654b56a33d741c541d0e97c5e30a991fb61ed8dd49fb7
phase_counter/repeat-10/b08-native,phase_counter,10,b08-native,native_resume,8.0,,False,False,False,False,False,6.008065084017215,6.304873040993698,1.695126959006302,897,0,not_applicable,0,native_continuation_no_goal,847,3,0,a095bbfb42827e68371935a87c62d1d8c41f2022896d2442e3ed0ba1681fbe87
bounded_ledger/repeat-01/b08-native,bounded_ledger,1,b08-native,native_resume,8.0,,False,False,False,False,False,6.001260166971807,6.267123583005741,1.7328764169942588,669,0,not_applicable,0,native_continuation_no_goal,637,12,0,91ae90dd5b3bd86616ad4d52b682e6bb7e6018c536c5cd862f082461de621cf6
bounded_ledger/repeat-01/b08-concrete,bounded_ledger,1,b08-concrete,concrete_augment,8.0,,False,False,False,False,False,6.001882999000307,6.200758874998428,1.799241125001572,543,0,no_candidate,0,no_candidate,514,12,0,42f32e88200dfa39c510da0e7f20394e1aeaa0f679ac4a4ac1823be7eca6dd15
bounded_ledger/repeat-01/b08-symbolic-q075,bounded_ledger,1,b08-symbolic-q075,symbolic_augment,8.0,0.75,True,False,True,True,True,6.015831291026398,6.239935500023421,1.760064499976579,364,0,completed,1,native_import_goal_reached,316,13,1,0edc99833d72715be7e2748c3ad35b87d92ee143d3e2eeca693ba1bb827c764b
bounded_ledger/repeat-01/b32-native,bounded_ledger,1,b32-native,native_resume,32.0,,False,False,False,False,False,30.007094165973434,30.899331166991033,1.1006688330089673,4000,0,not_applicable,0,native_continuation_no_goal,3626,12,0,6d1a3c651c56bbdb39b76e38bf897c59cbbc65f2f20d20afa10e4b5a072cfa4c
bounded_ledger/repeat-01/b32-concrete,bounded_ledger,1,b32-concrete,concrete_augment,32.0,,False,False,False,False,False,30.014237083034548,30.862341000000015,1.137658999999985,3869,0,no_candidate,0,no_candidate,3492,12,0,5d7477f3d01afe9ab69a47e7089c855d00703a673b899acbc7dee16f343a4d9d
bounded_ledger/repeat-01/b32-symbolic-q075,bounded_ledger,1,b32-symbolic-q075,symbolic_augment,32.0,0.75,True,False,True,True,True,30.016392667026118,30.873194792016875,1.126805207983125,3669,0,completed,1,native_import_goal_reached,2838,13,1,46446fc13c98e3d8f2998de7b54afbe87cd37e9909d1dd8cfaad01b2770c8a1e
bounded_ledger/repeat-01/b32-symbolic-q050,bounded_ledger,1,b32-symbolic-q050,symbolic_augment,32.0,0.5,True,False,True,True,True,30.030694499032265,30.84952833299758,1.1504716670024209,3527,0,completed,1,native_import_goal_reached,2729,13,1,0b81fcb1bc4683c8e6975f57b6a7f69d0ccbbc437dc1890fe85367d76e4cda36
bounded_ledger/repeat-01/b32-symbolic-q150,bounded_ledger,1,b32-symbolic-q150,symbolic_augment,32.0,1.5,True,False,True,True,True,30.0122120420121,30.881887583993375,1.1181124160066247,3666,0,completed,1,native_import_goal_reached,2816,13,1,5868471d5974979071f8084a6528b4c33420533f3440e263a29d2e934179a3d4
bounded_ledger/repeat-02/b08-concrete,bounded_ledger,2,b08-concrete,concrete_augment,8.0,,False,False,False,False,False,6.037738248929555,6.225050457927864,1.774949542072136,461,0,no_candidate,0,no_candidate,444,13,0,7e5cb5a83f0738d43aac06dc1ad7ae65a760827cd02d7af5c638b4031b6cfc5d
bounded_ledger/repeat-02/b08-symbolic-q075,bounded_ledger,2,b08-symbolic-q075,symbolic_augment,8.0,0.75,True,False,True,True,True,6.0255322919906344,6.221616249997169,1.7783837500028312,312,0,completed,1,native_import_goal_reached,269,12,1,9671997c08505265235acf0f46ad402aee0940b18475af0618996412301e1b06
bounded_ledger/repeat-02/b32-native,bounded_ledger,2,b32-native,native_resume,32.0,,False,False,False,False,False,30.016019124968075,30.840485290973447,1.1595147090265527,3921,0,not_applicable,0,native_continuation_no_goal,3635,13,0,805bbd0ffddad6cb0c065a2019ffeeb0c159c0093a10d6d9d65fb91e64869216
bounded_ledger/repeat-02/b32-concrete,bounded_ledger,2,b32-concrete,concrete_augment,32.0,,False,False,False,False,False,30.0038275009502,30.789563124941196,1.2104368750588037,3762,0,no_candidate,0,no_candidate,3484,13,0,207dec6492ed631cf64a1ff3255c74df6d8a25cc1cce855407135b41b3305daf
bounded_ledger/repeat-02/b32-symbolic-q075,bounded_ledger,2,b32-symbolic-q075,symbolic_augment,32.0,0.75,True,False,True,True,True,30.016141207964065,30.837787249998655,1.1622127500013448,3666,0,completed,1,native_import_goal_reached,2874,14,1,9e037ad5452b732ecae1a22fd0712a6a11fb8967a997b5453743b8934a8be6fc
bounded_ledger/repeat-02/b32-symbolic-q050,bounded_ledger,2,b32-symbolic-q050,symbolic_augment,32.0,0.5,True,False,True,True,True,30.039588083002947,30.84062183299102,1.159378167008981,3662,0,completed,1,native_import_goal_reached,2839,14,1,5ff6b9fe2ee05f26ee534f46d7dadb2c4ec5d5ae26cf9b626a8c4878b86e3bc2
bounded_ledger/repeat-02/b32-symbolic-q150,bounded_ledger,2,b32-symbolic-q150,symbolic_augment,32.0,1.5,True,False,True,True,True,30.015906959915778,30.85698662494542,1.1430133750545792,3656,0,completed,1,native_import_goal_reached,2873,14,1,f101f06f818daf252780f74ef06b998ec771f34d73510278d58e91f7124b186d
bounded_ledger/repeat-02/b08-native,bounded_ledger,2,b08-native,native_resume,8.0,,False,False,False,False,False,5.998761832958675,6.282866499910597,1.7171335000894032,664,0,not_applicable,0,native_continuation_no_goal,643,13,0,651645106beb0ca65b3a02da912d60554d4665e74e64e33094a0e0d35f974fb2
bounded_ledger/repeat-03/b08-symbolic-q075,bounded_ledger,3,b08-symbolic-q075,symbolic_augment,8.0,0.75,True,False,True,True,True,6.011464498990636,6.213516415969934,1.7864835840300657,350,0,completed,1,native_import_goal_reached,294,18,1,d21e970750edbfc380019122f6cba46051b8b465b4d341c6e39980fbc3106029
bounded_ledger/repeat-03/b32-native,bounded_ledger,3,b32-native,native_resume,32.0,,False,False,False,False,False,30.003180666043317,30.881022792018484,1.1189772079815157,4074,0,not_applicable,0,native_continuation_no_goal,3800,17,0,7bd3133bec51b08a3e6cf71eee2c16b15432dc3fb6fe8e0eac8c527ae24d279e
bounded_ledger/repeat-03/b32-concrete,bounded_ledger,3,b32-concrete,concrete_augment,32.0,,False,False,False,False,False,30.01255245799029,30.870166082982905,1.1298339170170948,3939,0,no_candidate,0,no_candidate,3618,17,0,fb354ee8875b4f90874252e05cde2500087c169a81a4906897d04a5d29cf9cac
bounded_ledger/repeat-03/b32-symbolic-q075,bounded_ledger,3,b32-symbolic-q075,symbolic_augment,32.0,0.75,True,False,True,True,True,30.022593582996436,30.82823375001317,1.171766249986831,3697,0,completed,1,native_import_goal_reached,2863,18,1,d74e09b9c1a48c6345ba8904e5da040c5cecb0ff175c911502c029e553ca4129
bounded_ledger/repeat-03/b32-symbolic-q050,bounded_ledger,3,b32-symbolic-q050,symbolic_augment,32.0,0.5,True,False,True,True,True,30.02086341798549,30.837043791951146,1.162956208048854,3699,0,completed,1,native_import_goal_reached,2858,18,1,bed5186332b009319d96229b09f07c83f0bdbf123dc67ea7c7004c777d64228a
bounded_ledger/repeat-03/b32-symbolic-q150,bounded_ledger,3,b32-symbolic-q150,symbolic_augment,32.0,1.5,True,False,True,True,True,30.009687834033016,30.872432583011687,1.1275674169883132,3712,0,completed,1,native_import_goal_reached,2862,18,1,f699d2611a50ddbacf2791b60a37e0a2e478c3264484eb795f3498124c728629
bounded_ledger/repeat-03/b08-native,bounded_ledger,3,b08-native,native_resume,8.0,,False,False,False,False,False,6.01021558297649,6.248141125019174,1.751858874980826,674,0,not_applicable,0,native_continuation_no_goal,649,17,0,4524dddd647231350fae8d6cc7af43fbe3804b2c8cca975fc637bbe7436fe715
bounded_ledger/repeat-03/b08-concrete,bounded_ledger,3,b08-concrete,concrete_augment,8.0,,False,False,False,False,False,6.01166029198375,6.261256791942287,1.7387432080577128,523,0,no_candidate,0,no_candidate,505,17,0,2e8ea4ea98a14a1e9e521c1dbd3229a5d4cfc06bbc14c127608a992b79b0f2ba
bounded_ledger/repeat-04/b32-native,bounded_ledger,4,b32-native,native_resume,32.0,,False,False,False,False,False,30.00662979095964,30.881772749999072,1.1182272500009276,3965,0,not_applicable,0,native_continuation_no_goal,3598,10,0,ace03f8b044403ee541c4a707fe4fe3db0d79aabb67f9fa602329ddb70b57116
bounded_ledger/repeat-04/b32-concrete,bounded_ledger,4,b32-concrete,concrete_augment,32.0,,False,False,False,False,False,30.0154799569819,30.894469290971756,1.105530709028244,3866,0,no_candidate,0,no_candidate,3483,10,0,3bf2b9b87a52c4f4b1cbe405e7744bfb8de7d543088f664964a58263facab175
bounded_ledger/repeat-04/b32-symbolic-q075,bounded_ledger,4,b32-symbolic-q075,symbolic_augment,32.0,0.75,True,False,True,True,True,30.01552308403475,30.85257766704308,1.1474223329569213,3673,0,completed,2,native_import_goal_reached,2699,12,1,041d498fbe4c29eee40e84723d37629aceb1234e4dfa38b28c03f101738ce8dc
bounded_ledger/repeat-04/b32-symbolic-q050,bounded_ledger,4,b32-symbolic-q050,symbolic_augment,32.0,0.5,True,False,True,True,True,30.015838250001835,30.85176762501942,1.14823237498058,3642,0,completed,2,native_import_goal_reached,2697,12,1,2449a7d577afb1aa88c8873000debe8065ce2979c08e120fc594d51184064792
bounded_ledger/repeat-04/b32-symbolic-q150,bounded_ledger,4,b32-symbolic-q150,symbolic_augment,32.0,1.5,True,False,True,True,True,30.01647649999647,30.84973566699773,1.1502643330022693,3666,0,completed,2,native_import_goal_reached,2709,12,1,7df8de4f12cd0a75299f44a3734f40b64136200a8d44722a013f31c8818e7114
bounded_ledger/repeat-04/b08-native,bounded_ledger,4,b08-native,native_resume,8.0,,False,False,False,False,False,6.010388917997778,6.28979916695971,1.7102008330402896,672,0,not_applicable,0,native_continuation_no_goal,629,10,0,3445ced1d2a1105eb9025fe0a0edeed7b3bc5b56708477aec82c3b1f6cde68e4
bounded_ledger/repeat-04/b08-concrete,bounded_ledger,4,b08-concrete,concrete_augment,8.0,,False,False,False,False,False,6.005039373993519,6.223230042029172,1.7767699579708278,527,0,no_candidate,0,no_candidate,494,10,0,19b73dbc3bd796fa602203311ad85460e196c91188a0fdd4400f3f4694636d21
bounded_ledger/repeat-04/b08-symbolic-q075,bounded_ledger,4,b08-symbolic-q075,symbolic_augment,8.0,0.75,True,False,True,True,True,6.012034917986913,6.21272912499262,1.7872708750073798,358,0,completed,1,native_import_goal_reached,301,11,1,ec5176090aad948945352d32028171621f89b445977012bb3a87da810e0964d3
bounded_ledger/repeat-05/b32-concrete,bounded_ledger,5,b32-concrete,concrete_augment,32.0,,False,False,False,False,False,30.00785970796226,30.870457540964708,1.1295424590352923,3911,0,no_candidate,0,no_candidate,3635,15,17,d1adb93e0438b5ea01424aec8dc5e84f043fa7f1764d2989e33af71ec23539c4
bounded_ledger/repeat-05/b32-symbolic-q075,bounded_ledger,5,b32-symbolic-q075,symbolic_augment,32.0,0.75,True,False,True,True,True,30.016674834001087,30.862586875038687,1.1374131249613129,3652,0,completed,1,native_import_goal_reached,2808,16,18,e4d755fc8c2beb2946555edfe388189f9b88baeffa1ccb8bcdf554476fbad181
bounded_ledger/repeat-05/b32-symbolic-q050,bounded_ledger,5,b32-symbolic-q050,symbolic_augment,32.0,0.5,True,False,True,True,True,30.01101195804499,30.821898541005794,1.178101458994206,3676,0,completed,1,native_import_goal_reached,2907,16,18,834c6cd3249930531e6b702ae17bbef639886af25266ce8572a2e1532c27e639
bounded_ledger/repeat-05/b32-symbolic-q150,bounded_ledger,5,b32-symbolic-q150,symbolic_augment,32.0,1.5,True,False,True,True,True,30.017482748996624,30.867290332971606,1.1327096670283936,3690,0,completed,1,native_import_goal_reached,2874,16,18,381f5aa0773f19bbb69da6472378e0f3058f33ac337d2e84071b968ca909e547
bounded_ledger/repeat-05/b08-native,bounded_ledger,5,b08-native,native_resume,8.0,,False,False,False,False,False,6.0012557910158595,6.245343833055813,1.7546561669441871,656,0,not_applicable,0,native_continuation_no_goal,628,15,17,0fc0d97c4aef1bb9941c7f13afc85622b13d32f5324fb89ca948ac21fefbfd85
bounded_ledger/repeat-05/b08-concrete,bounded_ledger,5,b08-concrete,concrete_augment,8.0,,False,False,False,False,False,6.006459417015527,6.189934333029669,1.8100656669703312,514,0,no_candidate,0,no_candidate,490,14,17,147e701b563c544fb3e1e9799b9f483d8385575670270793ee49b55e5e520029
bounded_ledger/repeat-05/b08-symbolic-q075,bounded_ledger,5,b08-symbolic-q075,symbolic_augment,8.0,0.75,True,False,True,True,True,6.019080207996648,6.180396499985363,1.8196035000146367,355,0,completed,1,native_import_goal_reached,301,14,18,32163f0d6959ddd20d22dfd76f4b7f9354046bb5aebc7495ec2420952bdcc569
bounded_ledger/repeat-05/b32-native,bounded_ledger,5,b32-native,native_resume,32.0,,False,False,False,False,False,30.004911290997903,30.910654375038575,1.0893456249614246,4013,0,not_applicable,0,native_continuation_no_goal,3701,15,17,5cd67de0b3f8f07dee5044ff636338a2ab4f190fd5542abcc7dd829acc9eeedb
bounded_ledger/repeat-06/b32-symbolic-q075,bounded_ledger,6,b32-symbolic-q075,symbolic_augment,32.0,0.75,True,False,True,True,True,30.021363542020246,30.822973207978066,1.177026792021934,3656,0,completed,1,native_import_goal_reached,2798,12,1,504f82beab6bd33180bb8eef721dcf4e36c3af85313f417e62331a441ea8a27a
bounded_ledger/repeat-06/b32-symbolic-q050,bounded_ledger,6,b32-symbolic-q050,symbolic_augment,32.0,0.5,True,False,True,True,True,30.007535915998655,30.820879540988244,1.1791204590117559,3668,0,completed,1,native_import_goal_reached,2821,12,1,cacbc14b9093f719dbf5d64abba0fc6fe8446645ad275b7a404e47390abf1c81
bounded_ledger/repeat-06/b32-symbolic-q150,bounded_ledger,6,b32-symbolic-q150,symbolic_augment,32.0,1.5,True,False,True,True,True,30.01533474897589,30.857121624983847,1.1428783750161529,3653,0,completed,2,native_import_goal_reached,2660,13,1,e8c4784bc41a82bc70222ed3ec6b126bc6c7854532a3c3125a6ce42f195e6953
bounded_ledger/repeat-06/b08-native,bounded_ledger,6,b08-native,native_resume,8.0,,False,False,False,False,False,6.003846958962022,6.263232874975074,1.736767125024926,669,0,not_applicable,0,native_continuation_no_goal,633,11,0,40fc42db78ee9570bebe3c38659e6677a70d1092a19018ad9d6463da65231850
bounded_ledger/repeat-06/b08-concrete,bounded_ledger,6,b08-concrete,concrete_augment,8.0,,False,False,False,False,False,6.005329166951627,6.249853457964491,1.750146542035509,544,0,no_candidate,0,no_candidate,515,11,0,aaff06e8a69a1a7e1367e72dd2318fdc78ceaa1eed8151d14d1f733aeb5ea603
bounded_ledger/repeat-06/b08-symbolic-q075,bounded_ledger,6,b08-symbolic-q075,symbolic_augment,8.0,0.75,True,False,True,True,True,6.0202170409297056,6.225002498948015,1.7749975010519847,363,0,completed,1,native_import_goal_reached,315,12,1,30a5e9f217c7cd2ba49cca82f93e70418f614c9ece29f64ce1170895349e1dc8
bounded_ledger/repeat-06/b32-native,bounded_ledger,6,b32-native,native_resume,32.0,,False,False,False,False,False,30.000751874978437,30.873541499022394,1.1264585009776056,4009,0,not_applicable,0,native_continuation_no_goal,3616,11,0,a31ddaf1de1b6dc5ad449c63f26e0619c6e152d0c08d8157e0ed4ef7dff5df12
bounded_ledger/repeat-06/b32-concrete,bounded_ledger,6,b32-concrete,concrete_augment,32.0,,False,False,False,False,False,30.00569954197118,30.88332720793551,1.1166727920644917,3872,0,no_candidate,0,no_candidate,3532,11,0,4aeaf235d68ab5b5ef477ede0dd9d365c62fa2f51345467d15c84808eacbda8d
bounded_ledger/repeat-07/b32-symbolic-q050,bounded_ledger,7,b32-symbolic-q050,symbolic_augment,32.0,0.5,True,False,True,True,True,30.023504251964578,30.851243084005546,1.1487569159944542,3696,0,completed,1,native_import_goal_reached,2887,13,1,ea11d584f24b5a1f0e4f93d695be9b37e53cef22242680a2c4d4ff79ee7f39cb
bounded_ledger/repeat-07/b32-symbolic-q150,bounded_ledger,7,b32-symbolic-q150,symbolic_augment,32.0,1.5,True,False,True,True,True,30.02838887601102,30.85263716703048,1.1473628329695202,3661,0,completed,2,native_import_goal_reached,2775,14,1,fb8af92b356ca1a3b28e9c616be3c8d6e1b8a4ed103a421e46aeef99175311b0
bounded_ledger/repeat-07/b08-native,bounded_ledger,7,b08-native,native_resume,8.0,,False,False,False,False,False,6.017619959981694,6.236838041979354,1.7631619580206461,681,0,not_applicable,0,native_continuation_no_goal,653,12,0,04bc07ecaa1b7c3b02925614ca2947ca94c4f6ee720b603785fe705825de7050
bounded_ledger/repeat-07/b08-concrete,bounded_ledger,7,b08-concrete,concrete_augment,8.0,,False,False,False,False,False,6.009978957987746,6.212704708974343,1.7872952910256572,527,0,no_candidate,0,no_candidate,508,12,0,a664d4bf50caa92646d112b2962cf8a2fb22ad38c464fa7b085387bdb79cc3da
bounded_ledger/repeat-07/b08-symbolic-q075,bounded_ledger,7,b08-symbolic-q075,symbolic_augment,8.0,0.75,True,False,True,True,True,6.020644208002347,6.232313875982072,1.7676861240179278,338,0,completed,2,native_import_goal_reached,283,12,1,f324b2a05962734219ec099c531fa95238f14d7b76491ebd9740f79e88e9148b
bounded_ledger/repeat-07/b32-native,bounded_ledger,7,b32-native,native_resume,32.0,,False,False,False,False,False,30.007366501012548,30.927972292003687,1.0720277079963125,4054,0,not_applicable,0,native_continuation_no_goal,3732,12,0,7c6ed93707d9c6ae7dcab06f52f20e78b3c05f1f4f7b3203f7b2da7ab519335f
bounded_ledger/repeat-07/b32-concrete,bounded_ledger,7,b32-concrete,concrete_augment,32.0,,False,False,False,False,False,30.00918454095987,30.87570433295332,1.124295667046681,3892,0,no_candidate,0,no_candidate,3595,12,0,33f1a0456444696bef1e3822b50b84c1aac452b49be8737693e589a561bc9114
bounded_ledger/repeat-07/b32-symbolic-q075,bounded_ledger,7,b32-symbolic-q075,symbolic_augment,32.0,0.75,True,False,True,True,True,30.010074291986488,30.843296957958955,1.1567030420410447,3675,0,completed,1,native_import_goal_reached,2874,13,1,01359dd8af51a3f45538d8bd875add9d3571433ed8bfe026e3413a0a8812d264
bounded_ledger/repeat-08/b32-symbolic-q150,bounded_ledger,8,b32-symbolic-q150,symbolic_augment,32.0,1.5,True,False,True,True,True,30.02757345792176,30.856322582927532,1.1436774170724675,3700,0,completed,1,native_import_goal_reached,2860,15,1,73b135359d3a0fc38b2682a99f3ea01593446493f5ac6e97dec21767d3a00685
bounded_ledger/repeat-08/b08-native,bounded_ledger,8,b08-native,native_resume,8.0,,False,False,False,False,False,6.003565040916147,6.231998290924821,1.768001709075179,687,0,not_applicable,0,native_continuation_no_goal,659,13,0,dca6d3789e786d3d7a078f92da986701e198de26c8c1672db306b5eea7dadc53
bounded_ledger/repeat-08/b08-concrete,bounded_ledger,8,b08-concrete,concrete_augment,8.0,,True,False,True,True,True,6.005651249903877,6.244967123901006,1.7550328760989942,538,0,completed,2,native_import_goal_reached,397,15,1,69ece605b6ab1cf6c72f4ec9bfef03698ce34ac31cf1518ba1a6e18a9bbdd97a
bounded_ledger/repeat-08/b08-symbolic-q075,bounded_ledger,8,b08-symbolic-q075,symbolic_augment,8.0,0.75,True,False,True,True,True,6.018724290902293,6.232147457951214,1.7678525420487858,360,0,completed,1,native_import_goal_reached,314,13,1,92a37441e5b282222beedf0a0fb1be1a807169c791d9cb9e26bc33f1045d8ad8
bounded_ledger/repeat-08/b32-native,bounded_ledger,8,b32-native,native_resume,32.0,,False,False,False,False,False,30.007903790982464,30.908815624949057,1.0911843750509433,4072,0,not_applicable,0,native_continuation_no_goal,3762,14,0,77259864b0563af04443bdcb0f67fe42469276d252cf05e7a76e24270dbddad5
bounded_ledger/repeat-08/b32-concrete,bounded_ledger,8,b32-concrete,concrete_augment,32.0,,True,False,True,True,True,30.0072181239425,30.889692915952764,1.1103070840472355,3882,0,completed,2,native_import_goal_reached,2529,15,1,c1c2cbe1b31701c8aaa4bb730c9c4a485f3dc815c9c9b3ca86e768190b29150e
bounded_ledger/repeat-08/b32-symbolic-q075,bounded_ledger,8,b32-symbolic-q075,symbolic_augment,32.0,0.75,True,False,True,True,True,30.01974549894177,30.895280957920477,1.1047190420795232,3700,0,completed,2,native_import_goal_reached,2745,16,1,680a4138f0c3f4bc93c0c61fa06b1c83b920c204e35df3b7068dd147de5f0c67
bounded_ledger/repeat-08/b32-symbolic-q050,bounded_ledger,8,b32-symbolic-q050,symbolic_augment,32.0,0.5,True,False,True,True,True,30.00717683295562,30.82760283292737,1.1723971670726314,3717,0,completed,1,native_import_goal_reached,2905,15,1,87772ed9ec6dc2f2930de2450e5ec451734ea4c6496b020bbb00e98f132d6819
bounded_ledger/repeat-09/b08-native,bounded_ledger,9,b08-native,native_resume,8.0,,False,False,False,False,False,6.013589916970689,6.263274499971885,1.7367255000281148,659,0,not_applicable,0,native_continuation_no_goal,633,16,17,de40fca80aae17ee2c3332b283279477b72c5793c33cc9bc232294e93a7cdce2
bounded_ledger/repeat-09/b08-concrete,bounded_ledger,9,b08-concrete,concrete_augment,8.0,,False,False,False,False,False,6.005461000003933,6.225794291996863,1.7742057080031373,574,0,no_candidate,0,no_candidate,541,16,17,750d63e39a4bb7350c12ad991de7ad3eae4d2870732e8173650653ea35a69259
bounded_ledger/repeat-09/b08-symbolic-q075,bounded_ledger,9,b08-symbolic-q075,symbolic_augment,8.0,0.75,True,False,True,True,True,6.027383040979954,6.2775757079944015,1.7224242920055985,462,0,completed,1,native_import_goal_reached,340,17,18,841a35a541b8a89737486c74e2b73e87f4bc9c959c13d750859324a9465289ca
bounded_ledger/repeat-09/b32-native,bounded_ledger,9,b32-native,native_resume,32.0,,False,False,False,False,False,30.021049249973107,30.904342249967158,1.0956577500328422,4008,0,not_applicable,0,native_continuation_no_goal,3689,16,17,70a2776a0c78906dae9a8b885780285e87c0d90afc7684f194632028cb47ca37
bounded_ledger/repeat-09/b32-concrete,bounded_ledger,9,b32-concrete,concrete_augment,32.0,,False,False,False,False,False,30.01706696004651,30.87190583400661,1.1280941659933887,3759,0,no_candidate,0,no_candidate,3495,16,17,df78f93af4551b05e55636675215888c9726808f83ef6a3d781ba58beb98e5c6
bounded_ledger/repeat-09/b32-symbolic-q075,bounded_ledger,9,b32-symbolic-q075,symbolic_augment,32.0,0.75,True,False,True,True,True,30.03146429195114,30.86546754196752,1.1345324580324814,3633,0,completed,1,native_import_goal_reached,2408,17,18,45c1fea00a20ac434c8c0555938576ac9daae579f77c04199c5fe5bc80a4a2df
bounded_ledger/repeat-09/b32-symbolic-q050,bounded_ledger,9,b32-symbolic-q050,symbolic_augment,32.0,0.5,True,False,True,True,True,30.018262081950553,30.873302416992374,1.1266975830076262,3785,0,completed,1,native_import_goal_reached,2436,17,18,0a4dd7c52783a58a81dbb8c352b6c3bc53705c7300d444c2f6a4815d6e1c5b5e
bounded_ledger/repeat-09/b32-symbolic-q150,bounded_ledger,9,b32-symbolic-q150,symbolic_augment,32.0,1.5,True,False,True,True,True,30.02776750102521,30.865296750038397,1.1347032499616034,3810,0,completed,1,native_import_goal_reached,2574,17,18,e73563eea2e98926c016206b36d87f37cdd8c21103c584c3012a49181805f6ed
bounded_ledger/repeat-10/b08-concrete,bounded_ledger,10,b08-concrete,concrete_augment,8.0,,True,False,True,True,True,6.008210501003427,6.257417000015266,1.7425829999847338,504,0,completed,1,native_import_goal_reached,347,14,1,4a903185f3c8d638f12cf865f2e7ec78d4d1eb7b6936a990fb2ce6c1f9335229
bounded_ledger/repeat-10/b08-symbolic-q075,bounded_ledger,10,b08-symbolic-q075,symbolic_augment,8.0,0.75,True,False,True,True,True,6.022991793023589,6.204651792009827,1.7953482079901733,342,0,completed,1,native_import_goal_reached,241,15,1,d09d6a839aee7bd943110d2cb8dd8cdb0b45a2507fd7eb4ea6520683208bf8a5
bounded_ledger/repeat-10/b32-native,bounded_ledger,10,b32-native,native_resume,32.0,,False,False,False,False,False,30.00274366800445,30.900246709003113,1.0997532909968868,4046,0,not_applicable,0,native_continuation_no_goal,3721,14,0,d16846bd3401f88c6112d44e882b6fd4833deaa530981acaa02caa4a3e3ad81a
bounded_ledger/repeat-10/b32-concrete,bounded_ledger,10,b32-concrete,concrete_augment,32.0,,True,False,True,True,True,30.00292812505159,30.888906416017562,1.1110935839824378,3855,0,completed,1,native_import_goal_reached,2540,15,1,7abd35a0cf7f9be31f7cd26e6eb673efdf5452d0e87083a5b9b6929c9b9cf3a8
bounded_ledger/repeat-10/b32-symbolic-q075,bounded_ledger,10,b32-symbolic-q075,symbolic_augment,32.0,0.75,True,False,True,True,True,30.018226625028618,30.85864287498407,1.1413571250159293,3687,0,completed,1,native_import_goal_reached,2453,15,1,7099ed20c51393cc576ab7a0db7cf05cdb5497ef61f6986ecd2801da68911e43
bounded_ledger/repeat-10/b32-symbolic-q050,bounded_ledger,10,b32-symbolic-q050,symbolic_augment,32.0,0.5,True,False,True,True,True,30.01626391704033,30.82692262501223,1.1730773749877699,3684,0,completed,1,native_import_goal_reached,2469,15,1,9007d32aa9be9d2d85888024436769c48d7af0c7843d5cf5151e8a56172bb5e8
bounded_ledger/repeat-10/b32-symbolic-q150,bounded_ledger,10,b32-symbolic-q150,symbolic_augment,32.0,1.5,True,False,True,True,True,30.025461831994452,30.858735082962085,1.1412649170379154,3685,0,completed,1,native_import_goal_reached,2422,15,1,79a822b1156b159db28ba1d2d1d0e1fbce04deec4b178cb6a3d457a76e86f254
bounded_ledger/repeat-10/b08-native,bounded_ledger,10,b08-native,native_resume,8.0,,False,False,False,False,False,6.008617042049981,6.262459250050597,1.737540749949403,666,0,not_applicable,0,native_continuation_no_goal,635,14,0,703a139f1a691b774c3836c2f0f79648a75e7305bf432b529561e6690f8738da
range_gate/repeat-01/b08-native,range_gate,1,b08-native,native_resume,8.0,,True,True,False,True,False,6.009021834021662,6.271069751004688,1.7289302489953116,712,0,not_applicable,0,warmup_goal_reached,671,17,0,776cf16d2c7b1381ef8058a34a1e5cc985b1fc9508b27a38d5db199385efc96e
range_gate/repeat-01/b08-concrete,range_gate,1,b08-concrete,concrete_augment,8.0,,True,True,False,True,False,6.004235585010261,6.281939667009283,1.7180603329907171,749,0,no_eligible_prefix,0,warmup_goal_reached,720,15,0,c45b6d4d989694641be471e173cc47bb4462570e97b05fc8ce70a3018a6b098f
range_gate/repeat-01/b08-symbolic-q075,range_gate,1,b08-symbolic-q075,symbolic_augment,8.0,0.75,True,True,False,True,False,6.00185500005475,6.203144250030164,1.7968557499698363,566,0,no_eligible_prefix,0,warmup_goal_reached,540,13,0,3b3033497a262aded3cceb06b20672bae0ca284e1a50d42a86b1144561cc9a6d
range_gate/repeat-01/b32-native,range_gate,1,b32-native,native_resume,32.0,,True,True,False,True,False,30.00513683395257,30.91682199999923,1.0831780000007711,4294,0,not_applicable,0,warmup_goal_reached,3954,31,0,1c5f95aa012eec21555da4998215762f34cfad677a99492cf9c47a9016030ce6
range_gate/repeat-01/b32-concrete,range_gate,1,b32-concrete,concrete_augment,32.0,,True,True,False,True,False,29.99838270899224,30.923157958954107,1.076842041045893,4295,0,no_eligible_prefix,0,warmup_goal_reached,3964,29,0,9a39e84115ce454e00fd1d20784bbaca21574990e82a204b88e590bdca86f5f3
range_gate/repeat-01/b32-symbolic-q075,range_gate,1,b32-symbolic-q075,symbolic_augment,32.0,0.75,True,True,False,True,False,30.008935833033604,30.91496200102847,1.0850379989715293,4390,0,no_eligible_prefix,0,warmup_goal_reached,4045,25,0,ceba49a985dc183e044e514bf699aa2d5f4afebf06d7dca9df2bc9e6a86c1e0f
range_gate/repeat-01/b32-symbolic-q050,range_gate,1,b32-symbolic-q050,symbolic_augment,32.0,0.5,True,True,False,True,False,30.000124376038254,30.80850633402588,1.1914936659741215,3771,0,no_eligible_prefix,0,warmup_goal_reached,3525,28,0,275bcf3f8781fe685b6fe5df64ebb6b11731fbf683efa60384209d88119a8403
range_gate/repeat-01/b32-symbolic-q150,range_gate,1,b32-symbolic-q150,symbolic_augment,32.0,1.5,True,True,False,True,False,30.014743709990526,30.88671291799983,1.11328708200017,4176,0,no_eligible_prefix,0,warmup_goal_reached,3876,20,0,e79991b403c496358cb31f6484633f7e787731292c10a32a6ad6e37429cfebf5
range_gate/repeat-02/b08-concrete,range_gate,2,b08-concrete,concrete_augment,8.0,,True,False,True,True,True,6.002982249955604,6.237666291941423,1.762333708058577,591,0,completed,4,native_import_goal_reached,496,24,8,638b396b2134e67227de1985a6d9b1669335995fbb6c74f3d248bf8eb0911472
range_gate/repeat-02/b08-symbolic-q075,range_gate,2,b08-symbolic-q075,symbolic_augment,8.0,0.75,True,False,True,True,True,6.020806707963585,6.212133124936372,1.787866875063628,381,0,completed,1,native_import_goal_reached,319,16,8,b2a7c70b8dd9cb4cdde76046d0e409456c43f74e518c7297c219c85ee1624d8a
range_gate/repeat-02/b32-native,range_gate,2,b32-native,native_resume,32.0,,True,False,False,True,False,30.002619624958307,30.90567008400103,1.0943299159989692,4415,0,not_applicable,0,native_continuation_goal_reached,4021,70,8,60170ac012344d28d5169ce078616c697f011302cd1cf9faf2add12299b5f654
range_gate/repeat-02/b32-concrete,range_gate,2,b32-concrete,concrete_augment,32.0,,True,False,True,True,True,30.008892708991226,30.92045741697075,1.0795425830292515,4347,0,completed,4,native_import_goal_reached,3128,51,8,603b6210a2da292f732f7a635ddc56a4f8deda924f160ff4a51376e3df1e2f08
range_gate/repeat-02/b32-symbolic-q075,range_gate,2,b32-symbolic-q075,symbolic_augment,32.0,0.75,True,False,True,True,True,30.018096584940622,30.932309624971822,1.067690375028178,4146,0,completed,1,native_import_goal_reached,3176,50,8,adf8b10a215992d1fe642e0e75b87a9bee61312028468153177736fc95e256b0
range_gate/repeat-02/b32-symbolic-q050,range_gate,2,b32-symbolic-q050,symbolic_augment,32.0,0.5,True,False,True,True,True,30.011666083966876,30.864633374963887,1.135366625036113,4153,0,completed,1,native_import_goal_reached,3166,57,8,5cf484cc39492d1bcac6a67e2ccd41b22b05f86df7fdeb44b03324021827c09d
range_gate/repeat-02/b32-symbolic-q150,range_gate,2,b32-symbolic-q150,symbolic_augment,32.0,1.5,True,False,True,True,True,30.022028707946077,30.94636429194361,1.0536357080563903,4131,0,completed,2,native_import_goal_reached,2974,53,8,2da50e8aeb0b27dfadf01955d0971880bbc3c022f7443e0c9d571c3eda2fff29
range_gate/repeat-02/b08-native,range_gate,2,b08-native,native_resume,8.0,,True,False,False,True,False,5.998907458957021,6.239531500963494,1.7604684990365058,722,0,not_applicable,0,native_continuation_goal_reached,673,25,8,4b0265f9bf02f02072a01ff102cf0acedab313747b81314086f159570898257b
range_gate/repeat-03/b08-symbolic-q075,range_gate,3,b08-symbolic-q075,symbolic_augment,8.0,0.75,True,True,False,True,False,6.0074737090037225,6.224970415991265,1.7750295840087347,678,0,no_eligible_prefix,0,warmup_goal_reached,635,24,0,ff7b16fa82553b5c820e61507043d9d19bacf1616709b7e0492c9e972e90e979
range_gate/repeat-03/b32-native,range_gate,3,b32-native,native_resume,32.0,,True,True,False,True,False,29.999575249977088,30.856801540998276,1.1431984590017237,4168,0,not_applicable,0,warmup_goal_reached,3874,45,0,7edec8c941e58d953cbb0797513f962b41f8653b4f4c239e4991989cb1b75f15
range_gate/repeat-03/b32-concrete,range_gate,3,b32-concrete,concrete_augment,32.0,,True,True,False,True,False,29.998950081988635,30.858567540999502,1.141432459000498,4178,0,no_eligible_prefix,0,warmup_goal_reached,3853,45,0,749dcb8d260776da071f6210976e6a0a192c8603e4920c85f080c92f92ece404
range_gate/repeat-03/b32-symbolic-q075,range_gate,3,b32-symbolic-q075,symbolic_augment,32.0,0.75,True,True,False,True,False,29.99784033200546,30.91146229102742,1.0885377089725807,4196,0,no_eligible_prefix,0,warmup_goal_reached,3879,50,0,66ee04278b77eaf1a2dc8761af983d986ef87c8eccabf7ee803c94924928e818
range_gate/repeat-03/b32-symbolic-q050,range_gate,3,b32-symbolic-q050,symbolic_augment,32.0,0.5,True,True,False,True,False,30.00078245897167,30.88630720798392,1.1136927920160815,4160,0,no_eligible_prefix,0,warmup_goal_reached,3827,48,0,4153b0e496337ce7f28bb854425c8556ea95f15801ac8c270167e6ad4cd9ce0a
range_gate/repeat-03/b32-symbolic-q150,range_gate,3,b32-symbolic-q150,symbolic_augment,32.0,1.5,True,True,False,True,False,30.002095791976082,30.880609957966954,1.1193900420330465,4179,0,no_eligible_prefix,0,warmup_goal_reached,3850,45,0,820c5d4bbdf10ae8a7fc1ad056480fc56f2481d82dcbb8c0ab00cc28142c31b1
range_gate/repeat-03/b08-native,range_gate,3,b08-native,native_resume,8.0,,True,True,False,True,False,6.001522040999229,6.255201040999964,1.7447989590000361,690,0,not_applicable,0,warmup_goal_reached,666,24,0,e6314702b101c965a72aef6d78eccd8a33e8dd5458cc1abba683b60a33285b28
range_gate/repeat-03/b08-concrete,range_gate,3,b08-concrete,concrete_augment,8.0,,True,True,False,True,False,6.0046687920154564,6.24578829202801,1.75421170797199,656,0,no_eligible_prefix,0,warmup_goal_reached,637,25,0,34668cea64316f18d2990743061e50180a8e063740ae537de1b49c8bea2d218f
range_gate/repeat-04/b32-native,range_gate,4,b32-native,native_resume,32.0,,True,False,False,True,False,30.003270792067543,30.764703583088703,1.2352964169112965,3613,0,not_applicable,0,native_continuation_goal_reached,3352,33,12,f99655ac98f6da5a24ea43cf51cbc1f4af24efe6fa875e5845622841b7f809c6
range_gate/repeat-04/b32-concrete,range_gate,4,b32-concrete,concrete_augment,32.0,,True,False,False,True,False,30.042067041009094,30.866245958022773,1.1337540419772267,3934,0,no_eligible_prefix,0,native_continuation_goal_reached,3656,29,12,5dd7156942d6fbaadada0c98481ee7aff1a292adf8ec44d68e7bab87a034f99a
range_gate/repeat-04/b32-symbolic-q075,range_gate,4,b32-symbolic-q075,symbolic_augment,32.0,0.75,True,False,False,True,False,30.043734334048512,30.93310891604051,1.06689108395949,4059,0,no_eligible_prefix,0,native_continuation_goal_reached,3770,29,12,ddf591d80fe43055f770113a4f4f6d7668b75bf5244b4543ee1e5a874078ab54
range_gate/repeat-04/b32-symbolic-q050,range_gate,4,b32-symbolic-q050,symbolic_augment,32.0,0.5,True,False,False,True,False,30.033629666019188,30.915688541019335,1.0843114589806646,4122,0,no_eligible_prefix,0,native_continuation_goal_reached,3827,36,12,c1a9d66e35a6b701b59b570614afe84b756fa526a4571406c332383a9d316579
range_gate/repeat-04/b32-symbolic-q150,range_gate,4,b32-symbolic-q150,symbolic_augment,32.0,1.5,True,False,False,True,False,29.998468167047434,30.82435820903629,1.1756417909637094,4108,0,no_eligible_prefix,0,native_continuation_goal_reached,3771,30,12,880a1c04ff5f2a5026af6d321f9ab1cb05d52789693d83d5ca8988f94605d4c2
range_gate/repeat-04/b08-native,range_gate,4,b08-native,native_resume,8.0,,True,False,False,True,False,5.99923633406581,6.208746208052617,1.7912537919473834,446,0,not_applicable,0,native_continuation_goal_reached,423,16,12,be8cfe516e1ff15f97f349cc93416f2c6059a62b78292ec6c091094275cf065c
range_gate/repeat-04/b08-concrete,range_gate,4,b08-concrete,concrete_augment,8.0,,False,False,False,False,False,5.997541791006528,6.219658375019208,1.7803416249807924,406,0,no_eligible_prefix,0,no_eligible_prefix,392,15,4,b69e6871a17f1b34c43ae6c7f92df7dc85118cc1eeb392d55b135583745dab7d
range_gate/repeat-04/b08-symbolic-q075,range_gate,4,b08-symbolic-q075,symbolic_augment,8.0,0.75,True,False,False,True,False,6.006613292009104,6.229735167056788,1.7702648329432122,450,0,no_eligible_prefix,0,native_continuation_goal_reached,435,16,12,2a3c4d1ba1f29715f59e852753032c86b49c2748cf85b4d7432eceb84af36a94
range_gate/repeat-05/b32-concrete,range_gate,5,b32-concrete,concrete_augment,32.0,,True,False,True,True,True,30.01491283398937,30.949615208955947,1.0503847910440527,4324,0,completed,1,native_import_goal_reached,3346,53,8,f9b6844b9f4196537269e859d5b9765bb162efa566ff217bc422eca0f15000ff
range_gate/repeat-05/b32-symbolic-q075,range_gate,5,b32-symbolic-q075,symbolic_augment,32.0,0.75,True,False,True,True,True,30.018281709016442,30.90727395802969,1.0927260419703089,4174,0,completed,1,native_import_goal_reached,3226,37,8,3d2306a221a36cf6ab6424a80b4f0cc127d01b8674d212e434ad9ad68951f40a
range_gate/repeat-05/b32-symbolic-q050,range_gate,5,b32-symbolic-q050,symbolic_augment,32.0,0.5,True,False,True,True,True,30.020449499988686,30.90712441696087,1.092875583039131,4202,0,completed,1,native_import_goal_reached,3291,47,8,4037187c0d360523898b49967ac44f1eb02aabbd1bff822621a6e547b2226cf8
range_gate/repeat-05/b32-symbolic-q150,range_gate,5,b32-symbolic-q150,symbolic_augment,32.0,1.5,True,False,True,True,True,30.025604749959868,30.941016707976814,1.0589832920231856,4231,0,completed,1,native_import_goal_reached,3292,40,8,e77f9ec29b812e57129fcdaefcb84dd2977a96f87a511b75a31ed0725144e3f1
range_gate/repeat-05/b08-native,range_gate,5,b08-native,native_resume,8.0,,True,False,False,True,False,5.997858124978587,6.220949707960244,1.7790502920397557,468,0,not_applicable,0,native_continuation_goal_reached,448,16,8,cceb273858ba8acee03f87603bb925b0bc78e9aedb1b9d8fb57a9c5c0e94f0fb
range_gate/repeat-05/b08-concrete,range_gate,5,b08-concrete,concrete_augment,8.0,,True,False,True,True,True,6.01350687494044,6.277970958966762,1.7220290410332382,646,0,completed,1,native_import_goal_reached,532,22,8,7de89fe977540250cded34d3debb61a52702ca1107b8b5e5253c1c381ccaf14b
range_gate/repeat-05/b08-symbolic-q075,range_gate,5,b08-symbolic-q075,symbolic_augment,8.0,0.75,True,False,True,True,True,6.027870499959931,6.276462415931746,1.7235375840682536,516,0,completed,1,native_import_goal_reached,429,21,8,8550657407cf3f4153774f4971e57a69c83f57008d0acd6b648aeb42c7a27031
range_gate/repeat-05/b32-native,range_gate,5,b32-native,native_resume,32.0,,True,False,False,True,False,30.00007199896779,30.867848915979266,1.1321510840207338,4166,0,not_applicable,0,native_continuation_goal_reached,3876,35,8,b78233c21ee53198f61e4427fb4bae689b971f3a98f932ae9806ef67590fe0a5
range_gate/repeat-06/b32-symbolic-q075,range_gate,6,b32-symbolic-q075,symbolic_augment,32.0,0.75,True,False,True,True,True,30.017928499000945,30.941546333022416,1.0584536669775844,4207,0,completed,1,native_import_goal_reached,3314,39,8,ac8c94f5af5139b4f5302e70603760c400b4a8471db4459fb6efa6af27bb672d
range_gate/repeat-06/b32-symbolic-q050,range_gate,6,b32-symbolic-q050,symbolic_augment,32.0,0.5,True,False,True,True,True,30.01274691707235,30.91627933306154,1.0837206669384614,4223,0,completed,1,native_import_goal_reached,3309,38,8,4b32adf0b64e83b578c1594a108c502305bf9d4ef3698f5164a901b9a041f366
range_gate/repeat-06/b32-symbolic-q150,range_gate,6,b32-symbolic-q150,symbolic_augment,32.0,1.5,True,False,True,True,True,30.014047916048224,30.961307166027837,1.0386928339721635,4226,0,completed,1,native_import_goal_reached,3281,37,8,32edd7e16bb265ab78acb51dcc8179ebb573feffa1c83881dccef3e2fbe5eb4f
range_gate/repeat-06/b08-native,range_gate,6,b08-native,native_resume,8.0,,True,False,False,True,False,5.9953294170348315,6.219700333022047,1.7802996669779532,668,0,not_applicable,0,native_continuation_goal_reached,644,16,8,44a42da16d0ae40814557d040230618c7aeedc98ebcbd6226b749e4204ca79da
range_gate/repeat-06/b08-concrete,range_gate,6,b08-concrete,concrete_augment,8.0,,True,False,True,True,True,6.016956041054208,6.233298416016623,1.7667015839833766,649,0,completed,1,native_import_goal_reached,563,18,8,f333a1b07ff00402c5ca7c247d578d16da13d674fc5c7f9038c51bfdda4eb10d
range_gate/repeat-06/b08-symbolic-q075,range_gate,6,b08-symbolic-q075,symbolic_augment,8.0,0.75,True,False,True,True,True,6.022073707003372,6.226015374006238,1.7739846259937622,527,0,completed,1,native_import_goal_reached,442,18,8,de6e432374dea3ab7998a37eb62004262ec0e1cefa8474a60d533c43152ebd57
range_gate/repeat-06/b32-native,range_gate,6,b32-native,native_resume,32.0,,True,False,False,True,False,30.00277625003407,30.902386167028453,1.0976138329715468,4271,0,not_applicable,0,native_continuation_goal_reached,3930,34,8,ea4980d68972a296601a2b14a57f3fd3aabf2933a953cede418f574c0c7346f1
range_gate/repeat-06/b32-concrete,range_gate,6,b32-concrete,concrete_augment,32.0,,True,False,True,True,True,30.008960666999183,30.941249791998416,1.0587502080015838,4328,0,completed,1,native_import_goal_reached,3413,40,8,6cc3b0ea4a79d2e871a8cb7dda055cba6a29195f7715da911d613acb76f567ed
range_gate/repeat-07/b32-symbolic-q050,range_gate,7,b32-symbolic-q050,symbolic_augment,32.0,0.5,True,True,True,True,True,30.01632254200406,30.92918766697403,1.0708123330259696,4220,0,completed,1,warmup_goal_reached,3311,32,0,faf7d98f7fe262259c1ba655e1504c5b20f767f753b8b3a2fec348c951963df9
range_gate/repeat-07/b32-symbolic-q150,range_gate,7,b32-symbolic-q150,symbolic_augment,32.0,1.5,True,True,True,True,True,30.01630404197214,30.926553583994973,1.0734464160050265,4235,0,completed,1,warmup_goal_reached,3336,41,0,8ad11bfabce861b9d03fa42867a43de0cdd0159641d821a3e508349bbed26f40
range_gate/repeat-07/b08-native,range_gate,7,b08-native,native_resume,8.0,,True,True,False,True,False,5.998316374993027,6.251437374972738,1.7485626250272617,731,0,not_applicable,0,warmup_goal_reached,693,13,0,b0d0b994bf47d9bc91e6c7ec5377e23c2a864c727e2c23d241af910fb4a3f911
range_gate/repeat-07/b08-concrete,range_gate,7,b08-concrete,concrete_augment,8.0,,True,True,True,True,True,6.017717166955498,6.279933416983113,1.7200665830168873,674,0,completed,1,warmup_goal_reached,566,14,0,8497e30ea3165f25e6d91291510644a0869e5ab5a33da32d831f0910a1b66607
range_gate/repeat-07/b08-symbolic-q075,range_gate,7,b08-symbolic-q075,symbolic_augment,8.0,0.75,True,True,True,True,True,6.019663665950661,6.2656524169724435,1.7343475830275565,558,0,completed,1,warmup_goal_reached,459,12,0,7651fa2875755c93f3e8a5b094112d78532b2c03692a37ee68e82b93f5fe23a0
range_gate/repeat-07/b32-native,range_gate,7,b32-native,native_resume,32.0,,True,True,False,True,False,30.00158041793138,30.948125333932694,1.051874666067306,4407,0,not_applicable,0,warmup_goal_reached,4051,32,0,0d1d04e3a8b10687af10563bd5be7986e6e6eb5a37f300a791bac5c6797f0162
range_gate/repeat-07/b32-concrete,range_gate,7,b32-concrete,concrete_augment,32.0,,True,True,True,True,True,30.012838583974652,30.950951000966597,1.0490489990334027,4358,0,completed,1,warmup_goal_reached,3432,39,0,9c450f5bdfda209a592ed8362c73c2defacb3126ebd79fcd7e6bc183a4b4eea4
range_gate/repeat-07/b32-symbolic-q075,range_gate,7,b32-symbolic-q075,symbolic_augment,32.0,0.75,True,True,True,True,True,30.019831042983895,30.945367375970818,1.054632624029182,4229,0,completed,1,warmup_goal_reached,3293,40,0,001fa718123dc73a5f2997ae2e0618fee346cda66c433feda050e3f9ebe3cf24
range_gate/repeat-08/b32-symbolic-q150,range_gate,8,b32-symbolic-q150,symbolic_augment,32.0,1.5,True,False,True,True,True,30.01999325098039,30.901618333999068,1.0983816660009325,4086,0,completed,1,native_import_goal_reached,3219,34,8,981a901f0e55762d464f2461e13a3ee1d19ff3c841830a6b8af0c251d155fbb2
range_gate/repeat-08/b08-native,range_gate,8,b08-native,native_resume,8.0,,True,False,False,True,False,5.9976950840172,6.161182459036354,1.838817540963646,490,0,not_applicable,0,native_continuation_goal_reached,472,9,8,31055ea6c9da7199a709c4edf2eda5211ade588c1f32cb6a3e19f71934d52610
range_gate/repeat-08/b08-concrete,range_gate,8,b08-concrete,concrete_augment,8.0,,True,False,True,True,True,6.007231916985269,6.246748166973703,1.7532518330262974,589,0,completed,4,native_import_goal_reached,478,17,8,332f3e4e68c2411eaa83ae62b67b94d71bb889651fc07eff9c84c05e9bef3253
range_gate/repeat-08/b08-symbolic-q075,range_gate,8,b08-symbolic-q075,symbolic_augment,8.0,0.75,True,False,True,True,True,6.017351624984045,6.199003791960422,1.800996208039578,369,0,completed,1,native_import_goal_reached,323,9,8,465c87c0f832a6a8fd3d67377eb9197fee891523925fb89ae59509f4fb723059
range_gate/repeat-08/b32-native,range_gate,8,b32-native,native_resume,32.0,,True,False,False,True,False,30.00038654101156,30.916884500009473,1.0831154999905266,4350,0,not_applicable,0,native_continuation_goal_reached,4040,27,8,81a679380dbc9b35b2030811b46d653f7d60e76d3c98081187dea7868104596f
range_gate/repeat-08/b32-concrete,range_gate,8,b32-concrete,concrete_augment,32.0,,True,False,True,True,True,30.01742583404676,30.973785001027863,1.0262149989721365,4305,0,completed,4,native_import_goal_reached,3128,44,8,85a183dcab72782bbb74fa6992d3b0b5590ac43a8378d7bc4e5d652cd9989e9d
range_gate/repeat-08/b32-symbolic-q075,range_gate,8,b32-symbolic-q075,symbolic_augment,32.0,0.75,True,False,True,True,True,30.020711083000407,30.88437550002709,1.1156244999729097,4078,0,completed,1,native_import_goal_reached,3165,30,8,b5237bc1d3f4645be5b107e47e57dfa643321399dc555f71a2f997b3abb7b7a1
range_gate/repeat-08/b32-symbolic-q050,range_gate,8,b32-symbolic-q050,symbolic_augment,32.0,0.5,True,False,True,True,True,30.012489042014934,30.90132345899474,1.0986765410052612,4103,0,completed,2,native_import_goal_reached,3094,37,8,b96053c490e3b2db0bd171d2c1345b0a99f313d09b36b91380f75d95faaf0d1c
range_gate/repeat-09/b08-native,range_gate,9,b08-native,native_resume,8.0,,True,False,False,True,False,6.007766001036913,6.252626584027894,1.7473734159721062,736,0,not_applicable,0,native_continuation_goal_reached,695,15,8,0828855048a1f8c991c42d936cec10dd7b110cc63903e29827d43be5cf1c7cc4
range_gate/repeat-09/b08-concrete,range_gate,9,b08-concrete,concrete_augment,8.0,,True,False,True,True,True,6.015960335008857,6.2856884590000845,1.7143115409999155,594,0,completed,4,native_import_goal_reached,470,19,8,f8c99bc0cf3b7117b48546e0e9474e9e381c4e89dbe66ac8a6f4e56183f69288
range_gate/repeat-09/b08-symbolic-q075,range_gate,9,b08-symbolic-q075,symbolic_augment,8.0,0.75,True,False,True,True,True,6.025104250002546,6.2125375010073185,1.7874624989926815,394,0,completed,1,native_import_goal_reached,330,15,8,db1ccf06c3a41a591b33ee9a447df91c522a2a01bafcc04160700b1d3d71e654
range_gate/repeat-09/b32-native,range_gate,9,b32-native,native_resume,32.0,,True,False,False,True,False,30.005536460041824,30.954040793003514,1.0459592069964856,4495,0,not_applicable,0,native_continuation_goal_reached,4043,56,8,833bf96c9d4b2af289416efa2c67db378f261658fbdc3929bafe9e43d0cfe53e
range_gate/repeat-09/b32-concrete,range_gate,9,b32-concrete,concrete_augment,32.0,,True,False,True,True,True,30.01038020800652,30.934796043031383,1.0652039569686167,4335,0,completed,4,native_import_goal_reached,3117,43,8,6ee6de31be92ff6f2bace9c2fcfeeef8c177971472f3487b1eccaf9c4469d2e6
range_gate/repeat-09/b32-symbolic-q075,range_gate,9,b32-symbolic-q075,symbolic_augment,32.0,0.75,True,False,True,True,True,30.011434584013944,30.917574667022564,1.0824253329774365,4145,0,completed,2,native_import_goal_reached,3044,45,8,801c439c3024055eb520f8d117b69617dc37eac7030b8c3a60ceb0a5871ef0dd
range_gate/repeat-09/b32-symbolic-q050,range_gate,9,b32-symbolic-q050,symbolic_augment,32.0,0.5,True,False,True,True,True,30.021980292055982,30.93992216704646,1.0600778329535387,4163,0,completed,1,native_import_goal_reached,3177,50,8,9c261023a68f64a47f7b468bc34a287b8a84c0b4957500b284604e04649ee36a
range_gate/repeat-09/b32-symbolic-q150,range_gate,9,b32-symbolic-q150,symbolic_augment,32.0,1.5,True,False,True,True,True,30.020771585002205,30.888141083996743,1.111858916003257,4165,0,completed,1,native_import_goal_reached,3229,52,8,444748a4fbe043175cbb191ae63bd59ae611f57660c5f62cc2dc54c359492ee6
range_gate/repeat-10/b08-concrete,range_gate,10,b08-concrete,concrete_augment,8.0,,True,False,False,True,False,6.009249626023919,6.261071751068812,1.7389282489311881,683,0,no_eligible_prefix,0,native_continuation_goal_reached,653,14,11,0340ba3e51c72209d545dc0066e2078ac9d7fb9027052033fa49ee44a6f96b0f
range_gate/repeat-10/b08-symbolic-q075,range_gate,10,b08-symbolic-q075,symbolic_augment,8.0,0.75,True,False,False,True,False,5.99822270802823,6.243485292070545,1.7565147079294547,646,0,no_eligible_prefix,0,native_continuation_goal_reached,616,15,11,a4fff63d9257a22eeb79136152b121108a40880529cd4f95b5a0dd8d8a1188ff
range_gate/repeat-10/b32-native,range_gate,10,b32-native,native_resume,32.0,,True,False,False,True,False,29.999645876037654,30.84785975102568,1.1521402489743195,3955,0,not_applicable,0,native_continuation_goal_reached,3649,30,11,1ce76afae7250de386ef1c6f3dad1a4d5cc46b855dab72b624ad15de1102ae96
range_gate/repeat-10/b32-concrete,range_gate,10,b32-concrete,concrete_augment,32.0,,True,False,False,True,False,30.03066137502845,30.986440667009447,1.0135593329905532,4318,0,no_eligible_prefix,0,native_continuation_goal_reached,4011,29,11,2ad8e8fb6fa2712a50c4a85c2c89b5b13c843963ec760bf5fda47e81ddf913b8
range_gate/repeat-10/b32-symbolic-q075,range_gate,10,b32-symbolic-q075,symbolic_augment,32.0,0.75,True,False,False,True,False,30.024708293059124,30.926295459037647,1.0737045409623533,4369,0,no_eligible_prefix,0,native_continuation_goal_reached,4076,30,11,739d4a29738b52df12850c4e3ea50741c12eea0787f524ce0a3a6a715453fe8a
range_gate/repeat-10/b32-symbolic-q050,range_gate,10,b32-symbolic-q050,symbolic_augment,32.0,0.5,True,False,False,True,False,30.001011167023186,30.712345876032487,1.2876541239675134,3423,0,no_eligible_prefix,0,native_continuation_goal_reached,3224,21,11,4e3ddf3fb629d51ec0049a749c2e2bdcb07ee671a04e21b5d93d64aede43fd59
range_gate/repeat-10/b32-symbolic-q150,range_gate,10,b32-symbolic-q150,symbolic_augment,32.0,1.5,True,False,False,True,False,30.00309000099603,30.849613083002623,1.1503869169973768,4057,0,no_eligible_prefix,0,native_continuation_goal_reached,3784,29,11,90a88f91e61198fe35c2b6fa56ae32e6bbe8bb936aeda0e3d39fce88ce6e7705
range_gate/repeat-10/b08-native,range_gate,10,b08-native,native_resume,8.0,,True,False,False,True,False,6.0139780830612795,6.26613854203606,1.7338614579639398,709,0,not_applicable,0,native_continuation_goal_reached,681,15,11,e68f46bd0be5aea3139875e0c1d68160355a6a2536c55bc7f3f4c5d80d1ac66c
workflow_gate/repeat-01/b08-native,workflow_gate,1,b08-native,native_resume,8.0,,False,False,False,False,False,6.015644166984267,6.212917249999009,1.787082750000991,392,0,not_applicable,0,native_continuation_no_goal,389,1,7,2eabd8680c5047ad443968900c44b486dc2b694ad87c4ba50a5300a6d98c9c9d
workflow_gate/repeat-01/b08-concrete,workflow_gate,1,b08-concrete,concrete_augment,8.0,,True,False,False,True,False,6.02211608402691,6.17301004199544,1.8269899580045603,308,0,no_candidate,0,native_continuation_goal_reached,307,3,18,6ad9e072ea3543a6423c713531a9ac2e569457f770ee318d92bed4636f0d429e
workflow_gate/repeat-01/b08-symbolic-q075,workflow_gate,1,b08-symbolic-q075,symbolic_augment,8.0,0.75,True,False,True,True,True,6.033818874986217,6.2229122089920565,1.7770877910079435,238,0,completed,1,native_import_goal_reached,220,4,20,ed9580ac01c8b25ab7d4d7c312d1a04d33bddf4036035deea374039e59266380
workflow_gate/repeat-01/b32-native,workflow_gate,1,b32-native,native_resume,32.0,,True,False,False,True,False,30.029672624999982,30.58574754104484,1.4142524589551613,2176,0,not_applicable,0,native_continuation_goal_reached,2137,4,23,c0eebd1e17c334b1d51a1885b21ca4ce062acbbe5af6089444570f3fb0ed2d2a
workflow_gate/repeat-01/b32-concrete,workflow_gate,1,b32-concrete,concrete_augment,32.0,,True,False,False,True,False,30.027003750995558,30.5466674999916,1.4533325000084005,2176,0,no_candidate,0,native_continuation_goal_reached,2132,3,10,f079f1d2adace92ca317ebc156906e9730a9043b18f353b2993d04941b880504
workflow_gate/repeat-01/b32-symbolic-q075,workflow_gate,1,b32-symbolic-q075,symbolic_augment,32.0,0.75,True,False,True,True,True,30.033791707987685,30.54663574998267,1.45336425001733,1786,0,completed,1,native_import_goal_reached,1519,6,23,40033e425e429cbe699577ed8fc8f9b865d851f165d0486605577c0414587ecf
workflow_gate/repeat-01/b32-symbolic-q050,workflow_gate,1,b32-symbolic-q050,symbolic_augment,32.0,0.5,True,False,True,True,True,30.01965412599539,30.518698041967582,1.481301958032418,1809,0,completed,1,native_import_goal_reached,1536,6,23,ecb03dd02733141451f5be37155695c7ebbfb7ccf0e42fdb11d97ca4c7b44b75
workflow_gate/repeat-01/b32-symbolic-q150,workflow_gate,1,b32-symbolic-q150,symbolic_augment,32.0,1.5,True,False,True,True,True,30.0121376659723,30.535496834025253,1.4645031659747474,1771,0,completed,1,native_import_goal_reached,1519,6,23,eed8eec22b87aa88e34a2335d66fec039b710a9d422a649c662cbde9a4663367
workflow_gate/repeat-02/b08-concrete,workflow_gate,2,b08-concrete,concrete_augment,8.0,,True,False,True,True,True,6.02175904202333,6.205010001023766,1.7949899989762343,241,0,completed,2,native_import_goal_reached,212,7,19,dba6b0686cddee9cf624b00ac8afa4037dca6d7d36c265811375ecf4e7afa80b
workflow_gate/repeat-02/b08-symbolic-q075,workflow_gate,2,b08-symbolic-q075,symbolic_augment,8.0,0.75,True,False,True,True,True,6.0169595430043135,6.185011207999196,1.814988792000804,162,0,completed,1,native_import_goal_reached,143,4,19,e6afc6bce9306139ae0412ce98e62c15445dc1d142d99a090cf9e29cc1157654
workflow_gate/repeat-02/b32-native,workflow_gate,2,b32-native,native_resume,32.0,,True,False,False,True,False,30.028825124980326,30.582776916970033,1.4172230830299668,2210,0,not_applicable,0,native_continuation_goal_reached,2162,3,6,81984b03128b1b6c43781b33eb7530b96a1db38d111e6ddc9d43c92606290f1c
workflow_gate/repeat-02/b32-concrete,workflow_gate,2,b32-concrete,concrete_augment,32.0,,True,False,True,True,True,30.021888500999864,30.53108158399118,1.468918416008819,1854,0,completed,2,native_import_goal_reached,1542,8,19,88aa002975885aead81b25ad35cb6e0a3736678d84cfce8a1e53019a5128a783
workflow_gate/repeat-02/b32-symbolic-q075,workflow_gate,2,b32-symbolic-q075,symbolic_augment,32.0,0.75,True,False,True,True,True,30.03446795897618,30.51996833400335,1.4800316659966484,1775,0,completed,1,native_import_goal_reached,1519,5,19,401a570de8e33f05e10c8589511d725b3f2401f835b2f5416019999f3d91ee9b
workflow_gate/repeat-02/b32-symbolic-q050,workflow_gate,2,b32-symbolic-q050,symbolic_augment,32.0,0.5,True,False,True,True,True,30.03481050000871,30.537304874975234,1.4626951250247657,1776,0,completed,1,native_import_goal_reached,1488,5,19,bda389f496b8381e0c542cb3309a78ccf97c94dbcd0b95d1fbb29a39463fdb8d
workflow_gate/repeat-02/b32-symbolic-q150,workflow_gate,2,b32-symbolic-q150,symbolic_augment,32.0,1.5,True,False,True,True,True,30.031236750000225,30.517363374994602,1.482636625005398,1788,0,completed,1,native_import_goal_reached,1493,6,19,6ad634424a733998aebc30fb5f8a5d9e5aa5fa47a56f450395c12f1cd60e3243
workflow_gate/repeat-02/b08-native,workflow_gate,2,b08-native,native_resume,8.0,,True,False,False,True,False,6.009896374966808,6.232981916982681,1.7670180830173194,372,0,not_applicable,0,native_continuation_goal_reached,368,1,5,bae046f979be1da34bd4a56f95a7b39bbc47430ff539fd8d62afec577f7fbfb7
workflow_gate/repeat-03/b08-symbolic-q075,workflow_gate,3,b08-symbolic-q075,symbolic_augment,8.0,0.75,True,False,False,True,False,6.016291082954294,6.2153898339602165,1.7846101660397835,344,0,no_eligible_prefix,0,native_continuation_goal_reached,338,2,23,3245ae6335be2c929a5f04ed2d244b8cbbfd45f9781eb87168bedf9b32fd95f7
workflow_gate/repeat-03/b32-native,workflow_gate,3,b32-native,native_resume,32.0,,True,False,False,True,False,30.017937165956337,30.574793124978896,1.4252068750211038,2167,0,not_applicable,0,native_continuation_goal_reached,2110,4,36,91a570d31ead0fb9b7ae230268c7a250b4d0ef858038cdc82382a855f2d91774
workflow_gate/repeat-03/b32-concrete,workflow_gate,3,b32-concrete,concrete_augment,32.0,,True,False,False,True,False,30.03605004095316,30.58029670792166,1.4197032920783386,2256,0,no_eligible_prefix,0,native_continuation_goal_reached,2210,3,23,69027841b13e557f879427f2abe53d51270f642fab4bc7f614d9a969f7a306ca
workflow_gate/repeat-03/b32-symbolic-q075,workflow_gate,3,b32-symbolic-q075,symbolic_augment,32.0,0.75,True,False,False,True,False,30.032692083966733,30.632669374987017,1.3673306250129826,2297,0,no_eligible_prefix,0,native_continuation_goal_reached,2247,3,23,e8dffc6c47b200dc95fc073e279de489c9db2e344b77bfb862d59e9aa859b82f
workflow_gate/repeat-03/b32-symbolic-q050,workflow_gate,3,b32-symbolic-q050,symbolic_augment,32.0,0.5,True,False,False,True,False,30.008823791992647,30.58550591696985,1.4144940830301493,2280,0,no_eligible_prefix,0,native_continuation_goal_reached,2224,4,23,b3f5dd0c28036404e8b6268e132b7441d63208160b4a21ab046c15ab76929ab3
workflow_gate/repeat-03/b32-symbolic-q150,workflow_gate,3,b32-symbolic-q150,symbolic_augment,32.0,1.5,True,False,False,True,False,30.008267124928835,30.52600516693201,1.4739948330679908,2212,0,no_eligible_prefix,0,native_continuation_goal_reached,2163,3,23,d9e2775e73f338724cd912f2ecd972125f91ea7362a84911be2f540763709322
workflow_gate/repeat-03/b08-native,workflow_gate,3,b08-native,native_resume,8.0,,False,False,False,False,False,6.011486500976712,6.207128041947726,1.7928719580522738,365,0,not_applicable,0,native_continuation_no_goal,359,1,19,f98040be5f1119a95341a8af22d5bf163507b477f56beb82dd882a25783049f0
workflow_gate/repeat-03/b08-concrete,workflow_gate,3,b08-concrete,concrete_augment,8.0,,False,False,False,False,False,6.015126833970432,6.226641166955233,1.7733588330447674,371,0,no_eligible_prefix,0,no_eligible_prefix,367,1,19,457c8fcf7bd18ca2170c2ec27e900d9766b650677f7f2c1a2629514eacd03828
workflow_gate/repeat-04/b32-native,workflow_gate,4,b32-native,native_resume,32.0,,True,False,False,True,False,30.011949750015702,30.544531417021062,1.4554685829789378,2165,0,not_applicable,0,native_continuation_goal_reached,2106,4,11,691218678a3c9b33a62ed7f4ab61b5729dfd0aa3225db5dba8713427f1f17194
workflow_gate/repeat-04/b32-concrete,workflow_gate,4,b32-concrete,concrete_augment,32.0,,True,False,True,True,True,30.01356604204013,30.537464416003786,1.462535583996214,1779,0,completed,3,native_import_goal_reached,1452,7,24,e96a1f80a727b8c0c03a17c7670a6ea5607da305483361df3695abf206f22580
workflow_gate/repeat-04/b32-symbolic-q075,workflow_gate,4,b32-symbolic-q075,symbolic_augment,32.0,0.75,True,False,False,True,False,30.0221892919842,30.69944920798298,1.3005507920170203,1886,0,timeout,0,native_continuation_goal_reached,1834,5,24,e33b9052a5b167af75057de0315bcf2aa1e6361d53e7e9f95eb4eee61bde3e5a
workflow_gate/repeat-04/b32-symbolic-q050,workflow_gate,4,b32-symbolic-q050,symbolic_augment,32.0,0.5,True,False,True,True,True,30.026170582972256,30.486571041983552,1.5134289580164477,1670,0,completed,1,native_import_goal_reached,1423,6,24,fb6c8547de91093fca29ddad735452bc6f48462a2de4c57d87f05fa94778dc72
workflow_gate/repeat-04/b32-symbolic-q150,workflow_gate,4,b32-symbolic-q150,symbolic_augment,32.0,1.5,True,False,False,True,False,30.0236959999483,30.516212624963373,1.483787375036627,1803,0,timeout,0,native_continuation_goal_reached,1749,3,24,c7a782d02eb3ae8ce37178dfe2b01b6a59b699e35603c25622f0cd3d90983337
workflow_gate/repeat-04/b08-native,workflow_gate,4,b08-native,native_resume,8.0,,True,False,False,True,False,6.0074348749693005,6.1586016659857705,1.8413983340142295,343,0,not_applicable,0,native_continuation_goal_reached,337,3,11,b3b9dc2026831f4ee047e32a3347bd0fd63b41dc41ff0cb9e3bc74ad2af7b60b
workflow_gate/repeat-04/b08-concrete,workflow_gate,4,b08-concrete,concrete_augment,8.0,,True,False,True,True,True,6.020853957935616,6.1709234999725595,1.8290765000274405,206,0,completed,3,native_import_goal_reached,184,8,23,00d99c4942821fa0d1321f1c17d9c88a4c90349819c124e8e32f87169d35f00d
workflow_gate/repeat-04/b08-symbolic-q075,workflow_gate,4,b08-symbolic-q075,symbolic_augment,8.0,0.75,True,False,False,True,False,6.015430999985502,6.145752540964168,1.8542474590358324,201,0,timeout,0,native_continuation_goal_reached,199,2,11,a4957d6dfb09b2f915a25b38d97b811b844b9a4ec2305d986e33d762604c4a69
workflow_gate/repeat-05/b32-concrete,workflow_gate,5,b32-concrete,concrete_augment,32.0,,True,False,True,True,True,30.021352126042135,30.528954959008843,1.4710450409911573,1778,0,completed,3,native_import_goal_reached,1461,9,20,93922b450549d3f83c367002d94df204a9e449b8bf5fee81de248fe93d0f6290
workflow_gate/repeat-05/b32-symbolic-q075,workflow_gate,5,b32-symbolic-q075,symbolic_augment,32.0,0.75,True,False,True,True,True,30.028045043009534,30.542311750003137,1.4576882499968633,1672,0,completed,1,native_import_goal_reached,1421,5,20,41ff54951e6e3c4fb833f6f753b6a8d5016f7122a436979dd80b5b1052d95062
workflow_gate/repeat-05/b32-symbolic-q050,workflow_gate,5,b32-symbolic-q050,symbolic_augment,32.0,0.5,True,False,True,True,True,30.027325708027313,30.521850417018868,1.478149582981132,1668,0,completed,1,native_import_goal_reached,1410,5,20,95d50b7c648e6ec8292ee7f4c932233e3362c76b5d9d58bd0040c0ab804fc2ba
workflow_gate/repeat-05/b32-symbolic-q150,workflow_gate,5,b32-symbolic-q150,symbolic_augment,32.0,1.5,True,False,True,True,True,30.01166699901593,30.496244416979607,1.5037555830203928,1671,0,completed,1,native_import_goal_reached,1428,7,20,f22c3f29344ccd5aa75bd42fcbbd7f0bc184f1921e3d3e76ddb413d4df6d47e0
workflow_gate/repeat-05/b08-native,workflow_gate,5,b08-native,native_resume,8.0,,True,False,False,True,False,6.00971741697944,6.2121824999921955,1.7878175000078045,350,0,not_applicable,0,native_continuation_goal_reached,347,1,7,c4cfb76d9698ba6002af9f550fdbfd35a79f36eef7ce0ac9830a92b07631d2e1
workflow_gate/repeat-05/b08-concrete,workflow_gate,5,b08-concrete,concrete_augment,8.0,,True,False,True,True,True,6.014740875032599,6.187725251016673,1.8122747489833273,200,0,completed,3,native_import_goal_reached,187,9,20,c4fbe97897519e25f86bb9ef501227147b01a3b3fbece2b48dc7cd35a6a1aa2d
workflow_gate/repeat-05/b08-symbolic-q075,workflow_gate,5,b08-symbolic-q075,symbolic_augment,8.0,0.75,True,False,True,True,True,6.031413334027786,6.160998833016492,1.8390011669835076,149,0,completed,1,native_import_goal_reached,138,4,20,e8ddbad54259f005a05c88f0b355f6038f11c7684559612b53de9b8358529fc5
workflow_gate/repeat-05/b32-native,workflow_gate,5,b32-native,native_resume,32.0,,True,False,False,True,False,30.012095541958296,30.552311041974463,1.4476889580255374,2004,0,not_applicable,0,native_continuation_goal_reached,1940,5,20,666650de48fe3d8f59cff8e42b469fa6d0aaeee816d40181f9fc38858b9c8b83
workflow_gate/repeat-06/b32-symbolic-q075,workflow_gate,6,b32-symbolic-q075,symbolic_augment,32.0,0.75,True,False,True,True,True,30.031515458962218,30.572228291945066,1.4277717080549337,1806,0,completed,1,native_import_goal_reached,1577,6,29,feaab7e123d88d41a851ad80e16018e458a85c3d88e4d12541f82a6c95b259ce
workflow_gate/repeat-06/b32-symbolic-q050,workflow_gate,6,b32-symbolic-q050,symbolic_augment,32.0,0.5,True,False,True,True,True,30.02563154199073,30.543918084003963,1.4560819159960374,1795,0,completed,1,native_import_goal_reached,1546,5,29,fa462b09c56ac27d0cf42e24047b8f14cba7fcc8c7a6a3e92daa3e92e771d32f
workflow_gate/repeat-06/b32-symbolic-q150,workflow_gate,6,b32-symbolic-q150,symbolic_augment,32.0,1.5,True,False,True,True,True,30.015808458911035,30.5231086249114,1.4768913750885986,1824,0,completed,1,native_import_goal_reached,1529,5,29,bb0ffe9df526ae2f5450a71e74ab7ac1b478bbeb880c3df3b884bca86c8195da
workflow_gate/repeat-06/b08-native,workflow_gate,6,b08-native,native_resume,8.0,,False,False,False,False,False,6.009788457958269,6.176808000949677,1.823191999050323,372,0,not_applicable,0,native_continuation_no_goal,371,0,7,548f5feda4d7b8744457fccf50ca869d7ab330580102265b3067569819f06568
workflow_gate/repeat-06/b08-concrete,workflow_gate,6,b08-concrete,concrete_augment,8.0,,False,False,False,False,False,6.024061957984522,6.215672916965559,1.7843270830344409,250,0,no_candidate,0,no_candidate,248,0,7,f5fe72100a7d5e26989c19013fa359d3e35c86626218c6f9e23d8656319fc43c
workflow_gate/repeat-06/b08-symbolic-q075,workflow_gate,6,b08-symbolic-q075,symbolic_augment,8.0,0.75,True,False,True,True,True,6.021862291956525,6.177145458990708,1.822854541009292,220,0,completed,1,native_import_goal_reached,190,4,28,4ace847eef3181afcf9828207f85a38ef4582e760f3e06e4ea8f0b1d519a8f5f
workflow_gate/repeat-06/b32-native,workflow_gate,6,b32-native,native_resume,32.0,,True,False,False,True,False,30.008097500944352,30.594241125974804,1.4057588740251958,2273,0,not_applicable,0,native_continuation_goal_reached,2226,3,16,30f922a47b9cb5286f15b4bcf384d57730c17cace557eb85da7358c19f6ce14c
workflow_gate/repeat-06/b32-concrete,workflow_gate,6,b32-concrete,concrete_augment,32.0,,True,False,False,True,False,30.019082292964278,30.59359466697788,1.4064053330221213,2239,0,no_candidate,0,native_continuation_goal_reached,2196,2,16,967f38f8c00bc30a67e92aaeb4bb97f05abfb6560169ec63ec9e13448599942c
workflow_gate/repeat-07/b32-symbolic-q050,workflow_gate,7,b32-symbolic-q050,symbolic_augment,32.0,0.5,True,True,True,True,True,30.029553000008185,30.594987833988853,1.4050121660111472,1823,0,completed,1,warmup_goal_reached,1528,4,18,f252cac95ffdaa8f6d58527a129e9e96da4ac8be3f33bbe87cba65240058752e
workflow_gate/repeat-07/b32-symbolic-q150,workflow_gate,7,b32-symbolic-q150,symbolic_augment,32.0,1.5,True,True,True,True,True,30.02734154201414,30.541807209025137,1.4581927909748629,1831,0,completed,1,warmup_goal_reached,1556,3,18,a531d10a8422786beec247b4840d4ae145563f1e292bbead21658fd74da56db9
workflow_gate/repeat-07/b08-native,workflow_gate,7,b08-native,native_resume,8.0,,True,True,False,True,False,6.0059141680410075,6.178978251002263,1.8210217489977367,364,0,not_applicable,0,warmup_goal_reached,357,0,5,d4fe02143cef19812ff4cd6252e8cc6415108d0932e644904343ca008a224c79
workflow_gate/repeat-07/b08-concrete,workflow_gate,7,b08-concrete,concrete_augment,8.0,,True,True,True,True,True,6.024683418035265,6.208039918041322,1.7919600819586776,266,0,completed,1,warmup_goal_reached,235,2,18,592c76a980875b4367cc410772477a5139b4ce6fc99d07f184923ad1d31ca2a0
workflow_gate/repeat-07/b08-symbolic-q075,workflow_gate,7,b08-symbolic-q075,symbolic_augment,8.0,0.75,True,True,True,True,True,6.027879750046319,6.184417167038191,1.815582832961809,224,0,completed,1,warmup_goal_reached,209,2,18,8201d4f647692554a613182c3a8d01157b78e4836cda2175a74a23defc80eedf
workflow_gate/repeat-07/b32-native,workflow_gate,7,b32-native,native_resume,32.0,,True,True,False,True,False,30.014519749997348,30.556981750996783,1.4430182490032166,2255,0,not_applicable,0,warmup_goal_reached,2209,2,5,e5ab631fcc783147a0a8bb49b456c9b8c9c63d463b563d479ebedee23c0cd75f
workflow_gate/repeat-07/b32-concrete,workflow_gate,7,b32-concrete,concrete_augment,32.0,,True,True,True,True,True,30.02392104199911,30.534864418033976,1.465135581966024,1874,0,completed,1,warmup_goal_reached,1611,2,18,965c28cbf3694db4c324f5d7e7bbb5f2a8640d4c522e2f48dcf623aaa5ec6703
workflow_gate/repeat-07/b32-symbolic-q075,workflow_gate,7,b32-symbolic-q075,symbolic_augment,32.0,0.75,True,True,True,True,True,30.028224708957346,30.57507241796702,1.4249275820329785,1829,0,completed,1,warmup_goal_reached,1569,3,18,7acf6373250abb822deaedd99a928583d7f09fe2da231b0213746459f297e0e2
workflow_gate/repeat-08/b32-symbolic-q150,workflow_gate,8,b32-symbolic-q150,symbolic_augment,32.0,1.5,True,True,True,True,True,30.034063916032878,30.540909208008088,1.4590907919919118,1771,0,completed,2,warmup_goal_reached,1463,3,24,369110e25cbb232b32265077b906a3bd551d287905044219380ac8787bab07ca
workflow_gate/repeat-08/b08-native,workflow_gate,8,b08-native,native_resume,8.0,,True,True,False,True,False,6.025700707974261,6.227143500000238,1.7728564999997616,324,0,not_applicable,0,warmup_goal_reached,321,0,11,3b81aa9d91d06fbd391dc18270111ec21fba1f23aab616d6f4974ae0dd6a8d73
workflow_gate/repeat-08/b08-concrete,workflow_gate,8,b08-concrete,concrete_augment,8.0,,True,True,True,True,True,6.023913790994703,6.168169167009182,1.8318308329908177,248,0,completed,2,warmup_goal_reached,216,2,21,2390cef29424ad601e58468cf269d9ed5b568084994dafe2656e9448e3796a32
workflow_gate/repeat-08/b08-symbolic-q075,workflow_gate,8,b08-symbolic-q075,symbolic_augment,8.0,0.75,True,True,True,True,True,6.0257990839780415,6.211161708983127,1.788838291016873,160,0,completed,2,warmup_goal_reached,147,2,24,bb0ae84a5bfb654f09f6f43a9162ad3a09cf94354c11d86ee0a45f162da0553f
workflow_gate/repeat-08/b32-native,workflow_gate,8,b32-native,native_resume,32.0,,True,True,False,True,False,30.021367874989092,30.627174499968532,1.3728255000314675,2306,0,not_applicable,0,warmup_goal_reached,2251,1,11,55289f3cb466c78c1f237bfc613fabcf62872eeb62b2abe9619e14c1be8bd7f0
workflow_gate/repeat-08/b32-concrete,workflow_gate,8,b32-concrete,concrete_augment,32.0,,True,True,True,True,True,30.017915125030513,30.542649541050196,1.4573504589498043,1848,0,completed,2,warmup_goal_reached,1522,3,24,156fadcfeade82468a6d315cf49ee0fb08d3c60c3753308fecf2fce703bbabe8
workflow_gate/repeat-08/b32-symbolic-q075,workflow_gate,8,b32-symbolic-q075,symbolic_augment,32.0,0.75,True,True,True,True,True,30.032714874014978,30.564308667031582,1.4356913329684176,1775,0,completed,2,warmup_goal_reached,1484,3,24,c87b6762fcce376e145da60e876c5adad79521ff6bebd341477551340738b1c7
workflow_gate/repeat-08/b32-symbolic-q050,workflow_gate,8,b32-symbolic-q050,symbolic_augment,32.0,0.5,True,True,True,True,True,30.033213665002233,30.551187375036534,1.448812624963466,1768,0,completed,1,warmup_goal_reached,1493,4,24,15e379c5e8148dd3045827fac433aa2371b2efcb694f184007c9c2c9556ef47d
workflow_gate/repeat-09/b08-native,workflow_gate,9,b08-native,native_resume,8.0,,True,False,False,True,False,6.016276292000675,6.200746249989606,1.7992537500103936,349,0,not_applicable,0,native_continuation_goal_reached,340,2,12,80266c31eeb5ed74dcd696900045ca12a805219408cfa4b5c95e2487e9457433
workflow_gate/repeat-09/b08-concrete,workflow_gate,9,b08-concrete,concrete_augment,8.0,,True,False,True,True,True,6.017537793002926,6.189915083989035,1.8100849160109647,216,0,completed,4,native_import_goal_reached,203,6,24,489423559f5040d5b22864268a5a347ce3f905fad1194cc94b5f1354c871770a
workflow_gate/repeat-09/b08-symbolic-q075,workflow_gate,9,b08-symbolic-q075,symbolic_augment,8.0,0.75,True,False,True,True,True,6.013415250005204,6.185183333000168,1.8148166669998318,157,0,completed,1,native_import_goal_reached,138,3,24,48598590085d9a1fd2215ad27c8d793102f0973fd897aacebfbacba479fc6987
workflow_gate/repeat-09/b32-native,workflow_gate,9,b32-native,native_resume,32.0,,True,False,False,True,False,30.018798458031707,30.5411155000329,1.4588844999670982,1808,0,not_applicable,0,native_continuation_goal_reached,1763,4,25,d116f63f4716e60722c7a75948253190f7fe29bee4bb94269df00e1dc401d855
workflow_gate/repeat-09/b32-concrete,workflow_gate,9,b32-concrete,concrete_augment,32.0,,True,False,True,True,True,30.02703445800654,30.535885208053514,1.4641147919464856,1688,0,completed,4,native_import_goal_reached,1403,7,25,0e0121cbe602ba1ff65978f1fb156f8d1ccc9c00e2993ccd709fb867e42ce78f
workflow_gate/repeat-09/b32-symbolic-q075,workflow_gate,9,b32-symbolic-q075,symbolic_augment,32.0,0.75,True,False,True,True,True,30.030718834040172,30.50445700000273,1.4955429999972694,1654,0,completed,1,native_import_goal_reached,1433,6,25,f9a150a5824c3bc26ca64cd80bac99382d34dba7c318b2f3d55586686b001133
workflow_gate/repeat-09/b32-symbolic-q050,workflow_gate,9,b32-symbolic-q050,symbolic_augment,32.0,0.5,True,False,True,True,True,30.02933729199141,30.490740666980855,1.5092593330191448,1651,0,completed,1,native_import_goal_reached,1436,5,25,017bfb86ef86b3c5518938dd19a907b4e0bc8a3f2051666a109771e5a8f15219
workflow_gate/repeat-09/b32-symbolic-q150,workflow_gate,9,b32-symbolic-q150,symbolic_augment,32.0,1.5,True,False,True,True,True,30.033066292035894,30.488010708999354,1.5119892910006456,1686,0,completed,1,native_import_goal_reached,1421,6,25,eebabd128cbec94b3bad9d53da46afff6623a2a8a55300c58781275c5eb39385
workflow_gate/repeat-10/b08-concrete,workflow_gate,10,b08-concrete,concrete_augment,8.0,,True,False,True,True,True,6.012943501024138,6.191554751014337,1.808445248985663,207,0,completed,3,native_import_goal_reached,184,9,19,aad8e118474ed62b5bb9cf361ed979a6becc74f4226ae83048359ad488280aa6
workflow_gate/repeat-10/b08-symbolic-q075,workflow_gate,10,b08-symbolic-q075,symbolic_augment,8.0,0.75,False,False,False,False,False,6.016868624036013,6.149255583994091,1.8507444160059094,198,0,timeout,0,augmentation_timeout,194,0,5,36ebcde5ad0d00e4c2e9a641723c79d51bfc4b5f461380562c566e20f96d9135
workflow_gate/repeat-10/b32-native,workflow_gate,10,b32-native,native_resume,32.0,,True,False,False,True,False,30.009332124980713,30.517887916998006,1.4821120830019936,1930,0,not_applicable,0,native_continuation_goal_reached,1883,4,19,e0703cacfeb7ff914e14330ee7be2318458f779e0c8c59b035c491b68aecb1a5
workflow_gate/repeat-10/b32-concrete,workflow_gate,10,b32-concrete,concrete_augment,32.0,,True,False,True,True,True,30.019735666016867,30.545677041984163,1.4543229580158368,1781,0,completed,3,native_import_goal_reached,1468,10,19,d259ae8e0af2192ce98abc7514c4f10e3122a2bb8379b80120a2c04c7cc59899
workflow_gate/repeat-10/b32-symbolic-q075,workflow_gate,10,b32-symbolic-q075,symbolic_augment,32.0,0.75,True,False,False,True,False,30.03163379201962,30.541344417026266,1.4586555829737335,1793,0,timeout,0,native_continuation_goal_reached,1750,6,19,532918a921d089a066057bdbd2d46f6bab6f4ba2672cfd60922a39de1223092f
workflow_gate/repeat-10/b32-symbolic-q050,workflow_gate,10,b32-symbolic-q050,symbolic_augment,32.0,0.5,True,False,False,True,False,30.0161348340595,30.543001209036447,1.456998790963553,1780,0,timeout,0,native_continuation_goal_reached,1734,4,19,940352e1086f85143871fc1436634465485358af5d144e768ff96ae8e5380eec
workflow_gate/repeat-10/b32-symbolic-q150,workflow_gate,10,b32-symbolic-q150,symbolic_augment,32.0,1.5,True,False,False,True,False,30.00821712502169,30.516598542046268,1.4834014579537325,1756,0,timeout,0,native_continuation_goal_reached,1711,5,19,cd6a44c0dd950dbb90e8fe2acd730c5447e0ff33e157c51427de1d7321c7b50c
workflow_gate/repeat-10/b08-native,workflow_gate,10,b08-native,native_resume,8.0,,True,False,False,True,False,6.007889584049407,6.163532834034413,1.836467165965587,348,0,not_applicable,0,native_continuation_goal_reached,343,3,6,ccf799ad3b21946a0ed77357602cf0394549b0e6482157ef946a3594ef85f93d
