fixture,repeat_id,arm,evaluation_valid,execution_status,augmentation_status,lineage_status,goal_reached,new_sequences,new_states,new_coverage,continuation_new_states,continuation_new_coverage,accepted_seeds,charged_wall_seconds,first_goal_stage,first_goal_seconds,first_goal_time_basis,first_native_goal_stage,first_native_goal_seconds,right_censored,censor_seconds,candidate_opportunities,accepted_seed_count,used_seed_count,seed_parent_selections,different_seed_children,executed_seed_children,seed_child_new_states,seed_child_new_coverage,accepted_seed_rate,used_seed_rate,common_seconds,prefix_seconds,augmentation_seconds,solver_seconds,concrete_replay_seconds,augmentation_other_seconds,native_restart_setup_seconds,native_startup_replay_seconds,native_continuation_seconds,record_path
bounded_ledger,1,concrete_augment,True,completed,no_candidate,verified,False,448,5,0,5,0,0,6.825850666005863,right_censored,,budget_deadline,right_censored,,True,8.0,80,0,0,0,0,0,0,0,0.0,,0.942235750000691,0.0012660420034080744,1.0590852499881294,0,0,1.0590852499881294,0.29925879099999975,0.00610525,3.794014209,blocks/bounded_ledger/repeat-1/arms/concrete_augment/campaign.json
bounded_ledger,1,native_resume,True,completed,not_applicable,verified,False,560,5,0,5,0,0,7.045348250016104,right_censored,,budget_deadline,right_censored,,True,8.0,0,0,0,0,0,0,0,0,,,0.942235750000691,0.001146750000771135,0.0,0,0,0.0,0.30141970900000015,0.006660708,4.852560292,blocks/bounded_ledger/repeat-1/arms/native_resume/campaign.json
bounded_ledger,1,symbolic_augment,True,completed,completed,verified,True,285,6,1,5,0,1,6.656714583019493,auxiliary_concrete_validation,3.2227855830278713,augmentation_stage_completion_upper_bound,native_import,3.5198607920151757,False,,2,1,1,132,132,132,1,0,0.5,1.0,0.942235750000691,0.0010491659922990948,2.2794860000140034,1.534646459040232,0.19600424999953248,0.5488352909742389,0.28579883399999995,0.010964625,2.569813125,blocks/bounded_ledger/repeat-1/arms/symbolic_augment/campaign.json
bounded_ledger,2,concrete_augment,True,completed,no_candidate,verified,False,489,10,0,10,0,0,6.879375583986985,right_censored,,budget_deadline,right_censored,,True,8.0,80,0,0,0,0,0,0,0,0.0,,0.891071166988695,0.0012374999932944775,0.9628056669898797,0,0,0.9628056669898797,0.29991283400000013,0.006272875,3.939563958,blocks/bounded_ledger/repeat-2/arms/concrete_augment/campaign.json
bounded_ledger,2,native_resume,True,completed,not_applicable,verified,False,609,10,0,10,0,0,7.103565792000154,right_censored,,budget_deadline,right_censored,,True,8.0,0,0,0,0,0,0,0,0,,,0.891071166988695,0.0010529999854043126,0.0,0,0,0.0,0.2988170839999995,0.006115333,4.904827125,blocks/bounded_ledger/repeat-2/arms/native_resume/campaign.json
bounded_ledger,2,symbolic_augment,True,completed,completed,verified,True,288,10,1,9,0,1,6.619367626000894,auxiliary_concrete_validation,3.165565292001702,augmentation_stage_completion_upper_bound,native_import,3.459853417996591,False,,2,1,1,146,146,146,5,0,0.5,1.0,0.891071166988695,0.001057249988662079,2.2734239579876885,1.482795415999135,0.29031691601267084,0.5003116259758826,0.281624501,0.0124235,2.624752041,blocks/bounded_ledger/repeat-2/arms/symbolic_augment/campaign.json
bounded_ledger,3,concrete_augment,True,completed,no_candidate,verified,False,486,8,0,8,0,0,6.877703249978367,right_censored,,budget_deadline,right_censored,,True,8.0,80,0,0,0,0,0,0,0,0.0,,0.9482484579784796,0.0010068750125356019,0.9853508749802131,0,0,0.9853508749802131,0.287569333,0.006253875,3.862345584,blocks/bounded_ledger/repeat-3/arms/concrete_augment/campaign.json
bounded_ledger,3,native_resume,True,completed,not_applicable,verified,False,595,8,0,8,0,0,7.089546624978539,right_censored,,budget_deadline,right_censored,,True,8.0,0,0,0,0,0,0,0,0,,,0.9482484579784796,0.0009428329940419644,0.0,0,0,0.0,0.28248037500000045,0.007510292,4.846692458,blocks/bounded_ledger/repeat-3/arms/native_resume/campaign.json
bounded_ledger,3,symbolic_augment,True,completed,completed,verified,True,278,9,1,8,0,1,6.600422373972833,auxiliary_concrete_validation,3.2630435829923954,augmentation_stage_completion_upper_bound,native_import,3.560325040970517,False,,2,1,1,133,133,133,1,0,0.5,1.0,0.9482484579784796,0.0010346669878344983,2.3137419590202626,1.490500999003416,0.2914732919889502,0.5317676680278964,0.284934416,0.011707792,2.5282205419999997,blocks/bounded_ledger/repeat-3/arms/symbolic_augment/campaign.json
bounded_ledger,4,concrete_augment,True,completed,no_candidate,verified,False,480,14,17,14,17,0,6.850333125999896,right_censored,,budget_deadline,right_censored,,True,8.0,60,0,0,0,0,0,0,0,0.0,,1.0560442919959314,0.0008833750034682453,0.9258978749858215,0,0,0.9258978749858215,0.28918825000000004,0.006092709,3.8129580830000003,blocks/bounded_ledger/repeat-4/arms/concrete_augment/campaign.json
bounded_ledger,4,native_resume,True,completed,not_applicable,verified,False,594,15,17,15,17,0,6.9948525830113795,right_censored,,budget_deadline,right_censored,,True,8.0,0,0,0,0,0,0,0,0,,,1.0560442919959314,0.0009470840159337968,0.0,0,0,0.0,0.2941740829999997,0.005759,4.740116334,blocks/bounded_ledger/repeat-4/arms/native_resume/campaign.json
bounded_ledger,4,symbolic_augment,True,completed,completed,verified,True,274,14,18,13,1,1,6.608875459001865,auxiliary_concrete_validation,3.4073357500019483,augmentation_stage_completion_upper_bound,native_import,3.7044587079825577,False,,2,1,1,120,120,120,2,1,0.5,1.0,1.0560442919959314,0.0009679170034360141,2.350307957996847,1.6815441669896245,0.1395573749905452,0.5292064160166774,0.284407082,0.012320459,2.383513125,blocks/bounded_ledger/repeat-4/arms/symbolic_augment/campaign.json
bounded_ledger,5,concrete_augment,True,completed,no_candidate,verified,False,476,8,0,8,0,0,6.852595292002661,right_censored,,budget_deadline,right_censored,,True,8.0,80,0,0,0,0,0,0,0,0.0,,0.9640933749906253,0.0009877920092549175,1.0323665409814566,0,0,1.0323665409814566,0.2817162080000002,0.004669208,3.7991942499999998,blocks/bounded_ledger/repeat-5/arms/concrete_augment/campaign.json
bounded_ledger,5,native_resume,True,completed,not_applicable,verified,False,609,8,0,8,0,0,7.050206124986289,right_censored,,budget_deadline,right_censored,,True,8.0,0,0,0,0,0,0,0,0,,,0.9640933749906253,0.0011866669810842723,0.0,0,0,0.0,0.2892487079999997,0.006360375,4.832700958,blocks/bounded_ledger/repeat-5/arms/native_resume/campaign.json
bounded_ledger,5,symbolic_augment,True,completed,completed,verified,True,291,8,1,7,0,1,6.5899284159822855,auxiliary_concrete_validation,3.2342613749788143,augmentation_stage_completion_upper_bound,native_import,3.526816957983909,False,,2,1,1,123,123,123,2,0,0.5,1.0,0.9640933749906253,0.0009734590130392462,2.2691819169849623,1.6120771669666283,0.14372937500593252,0.5133753750124015,0.278629875,0.013596333,2.5549660419999998,blocks/bounded_ledger/repeat-5/arms/symbolic_augment/campaign.json
phase_counter,1,concrete_augment,True,completed,no_candidate,verified,False,606,5,0,5,0,0,6.990386916004354,right_censored,,budget_deadline,right_censored,,True,8.0,80,0,0,0,0,0,0,0,0.0,,0.8163139579992276,0.0011291659902781248,0.9755168750125449,0,0,0.9755168750125449,0.29122458400000006,0.006247042,4.003818458,blocks/phase_counter/repeat-1/arms/concrete_augment/campaign.json
phase_counter,1,native_resume,True,completed,not_applicable,verified,False,780,5,0,5,0,0,7.28621912500239,right_censored,,budget_deadline,right_censored,,True,8.0,0,0,0,0,0,0,0,0,,,0.8163139579992276,0.0009944579796865582,0.0,0,0,0.0,0.2691654159999999,0.005822875,4.9804896670000005,blocks/phase_counter/repeat-1/arms/native_resume/campaign.json
phase_counter,1,symbolic_augment,True,completed,completed,verified,True,362,6,1,5,0,1,6.739876248990186,auxiliary_concrete_validation,3.160662540991325,augmentation_stage_completion_upper_bound,native_import,3.453977458001077,False,,2,1,1,170,170,170,0,0,0.5,1.0,0.8163139579992276,0.0009737499931361526,2.3433622920128983,1.6182492499647196,0.19577504199696705,0.5293380000512116,0.2802614160000001,0.012684834,2.629173625,blocks/phase_counter/repeat-1/arms/symbolic_augment/campaign.json
phase_counter,2,concrete_augment,True,completed,no_candidate,verified,False,589,10,0,10,0,0,6.992549124988727,right_censored,,budget_deadline,right_censored,,True,8.0,80,0,0,0,0,0,0,0,0.0,,0.9891126249858644,0.001048290985636413,0.9438814159948379,0,0,0.9438814159948379,0.27152187500000036,0.005756834,3.862745666,blocks/phase_counter/repeat-2/arms/concrete_augment/campaign.json
phase_counter,2,native_resume,True,completed,not_applicable,verified,False,762,10,0,10,0,0,7.101320583984489,right_censored,,budget_deadline,right_censored,,True,8.0,0,0,0,0,0,0,0,0,,,0.9891126249858644,0.0010755840048659593,0.0,0,0,0.0,0.26983337500000015,0.005907958,4.806824375,blocks/phase_counter/repeat-2/arms/native_resume/campaign.json
phase_counter,2,symbolic_augment,True,completed,completed,verified,True,355,11,1,10,0,1,6.6298869169841055,auxiliary_concrete_validation,3.3414659590052906,augmentation_stage_completion_upper_bound,native_import,3.6335920419962617,False,,2,1,1,134,134,134,6,0,0.5,1.0,0.9891126249858644,0.001073167019058019,2.351263459015172,1.6780456250126008,0.14146066701505333,0.5317571669875178,0.2797565419999999,0.01199325,2.448149458,blocks/phase_counter/repeat-2/arms/symbolic_augment/campaign.json
phase_counter,3,concrete_augment,True,completed,no_candidate,verified,False,650,7,0,7,0,0,6.98114483396057,right_censored,,budget_deadline,right_censored,,True,8.0,80,0,0,0,0,0,0,0,0.0,,0.8909475839755032,0.0009207080001942813,0.9136744579882361,0,0,0.9136744579882361,0.2715671669999997,0.005034625,3.9917365830000002,blocks/phase_counter/repeat-3/arms/concrete_augment/campaign.json
phase_counter,3,native_resume,True,completed,not_applicable,verified,False,779,7,0,7,0,0,7.171367291972274,right_censored,,budget_deadline,right_censored,,True,8.0,0,0,0,0,0,0,0,0,,,0.8909475839755032,0.0010904999799095094,0.0,0,0,0.0,0.2642175419999999,0.005429333,4.905684249999999,blocks/phase_counter/repeat-3/arms/native_resume/campaign.json
phase_counter,3,symbolic_augment,True,completed,completed,verified,True,374,8,1,7,0,1,6.660405708971666,auxiliary_concrete_validation,3.163347375986632,augmentation_stage_completion_upper_bound,native_import,3.4430744179924786,False,,2,1,1,183,183,183,3,0,0.5,1.0,0.8909475839755032,0.000996834016405046,2.2713822500081733,1.5008859160298016,0.2840132499986794,0.4864830839796923,0.2700361670000002,0.009441208,2.629578583,blocks/phase_counter/repeat-3/arms/symbolic_augment/campaign.json
phase_counter,4,concrete_augment,True,completed,no_candidate,verified,False,647,7,0,7,0,0,6.9753811249975115,right_censored,,budget_deadline,right_censored,,True,8.0,80,0,0,0,0,0,0,0,0.0,,0.8739740409946535,0.0011692080006469041,0.86494404199766,0,0,0.86494404199766,0.28157195899999987,0.005551291,4.0571069170000005,blocks/phase_counter/repeat-4/arms/concrete_augment/campaign.json
phase_counter,4,native_resume,True,completed,not_applicable,verified,False,789,7,0,7,0,0,7.206273916002829,right_censored,,budget_deadline,right_censored,,True,8.0,0,0,0,0,0,0,0,0,,,0.8739740409946535,0.0009170419943984598,0.0,0,0,0.0,0.2904019169999996,0.005597209,4.922023041,blocks/phase_counter/repeat-4/arms/native_resume/campaign.json
phase_counter,4,symbolic_augment,True,completed,completed,verified,True,359,8,1,7,0,1,6.7096911239787005,auxiliary_concrete_validation,3.106187957979273,augmentation_stage_completion_upper_bound,native_import,3.392166665982411,False,,2,1,1,184,184,184,3,0,0.5,1.0,0.8739740409946535,0.0010046249954029918,2.231195416999981,1.59722916802275,0.14056054200045764,0.4934057069767732,0.276176875,0.009561542,2.6873143749999997,blocks/phase_counter/repeat-4/arms/symbolic_augment/campaign.json
phase_counter,5,concrete_augment,True,completed,no_candidate,verified,False,604,6,0,6,0,0,6.970838459004881,right_censored,,budget_deadline,right_censored,,True,8.0,80,0,0,0,0,0,0,0,0.0,,0.9066985840036068,0.0009189589763991535,0.9298669580020942,0,0,0.9298669580020942,0.2873545830000004,0.006079916,3.958684542,blocks/phase_counter/repeat-5/arms/concrete_augment/campaign.json
phase_counter,5,native_resume,True,completed,not_applicable,verified,False,728,6,0,6,0,0,7.269784333999269,right_censored,,budget_deadline,right_censored,,True,8.0,0,0,0,0,0,0,0,0,,,0.9066985840036068,0.0010166249994654208,0.0,0,0,0.0,0.2901514590000005,0.005875708,4.889621583,blocks/phase_counter/repeat-5/arms/native_resume/campaign.json
phase_counter,5,symbolic_augment,True,completed,completed,verified,True,349,6,1,5,0,1,6.697527209005784,auxiliary_concrete_validation,3.1969524589949287,augmentation_stage_completion_upper_bound,native_import,3.494452292004138,False,,2,1,1,161,161,161,1,0,0.5,1.0,0.9066985840036068,0.0010934580059256405,2.289145707996795,1.649962374009192,0.14024283399339765,0.4989404999942053,0.28557179099999974,0.011499209,2.594700125,blocks/phase_counter/repeat-5/arms/symbolic_augment/campaign.json
range_gate,1,concrete_augment,True,completed,completed,verified,True,509,20,8,19,0,1,6.995631583005888,auxiliary_concrete_validation,1.5799630410037935,augmentation_stage_completion_upper_bound,native_import,1.8888634989957462,False,,20,1,1,228,228,228,6,0,0.05,1.0,1.0579279579978902,0.0003762920096050948,0.52164333302062,0,0,0.52164333302062,0.29520225,0.013247791,4.209745084,blocks/range_gate/repeat-1/arms/concrete_augment/campaign.json
range_gate,1,native_resume,True,completed,not_applicable,verified,True,625,22,8,22,8,0,6.999936333013466,native_continuation,1.7103562079860448,native_sequence_completion,native_continuation,1.7103562079860448,False,,0,0,0,0,0,0,0,0,,,1.0579279579978902,0.0003228750138077885,0.0,0,0,0.0,0.27989991699999983,0.006990292,4.7376914999999995,blocks/range_gate/repeat-1/arms/native_resume/campaign.json
range_gate,1,symbolic_augment,True,completed,completed,verified,True,390,22,8,21,0,1,6.843702165991999,auxiliary_concrete_validation,2.4890736659872346,augmentation_stage_completion_upper_bound,native_import,2.785522874989795,False,,1,1,1,200,200,200,8,0,1.0,1.0,1.0579279579978902,0.00034004097688011825,1.4307922080042772,0.7692890829930548,0.1416595829941798,0.5198435420170426,0.284504917,0.01140075,3.302355416,blocks/range_gate/repeat-1/arms/symbolic_augment/campaign.json
range_gate,2,concrete_augment,True,completed,completed,verified,True,503,19,8,17,0,2,6.923204625025392,auxiliary_concrete_validation,1.6980271660140716,augmentation_stage_completion_upper_bound,native_import,2.004039541013088,False,,40,2,2,285,285,285,9,0,0.05,1.0,1.0421698749996722,0.0005840829981025308,0.6552532910136506,0,0,0.6552532910136506,0.2890565410000008,0.02109125,4.082611709,blocks/range_gate/repeat-2/arms/concrete_augment/campaign.json
range_gate,2,native_resume,True,completed,not_applicable,verified,True,644,19,8,19,8,0,7.081375916983234,native_continuation,1.6561219999864498,native_sequence_completion,native_continuation,1.6561219999864498,False,,0,0,0,0,0,0,0,0,,,1.0421698749996722,0.000822000001790002,0.0,0,0,0.0,0.3022465840000006,0.005806833,4.752764957999999,blocks/range_gate/repeat-2/arms/native_resume/campaign.json
range_gate,2,symbolic_augment,True,completed,completed,verified,True,308,15,8,14,0,1,6.645319749979535,auxiliary_concrete_validation,3.3158399579988327,augmentation_stage_completion_upper_bound,native_import,3.620326041998207,False,,2,1,1,135,135,135,4,0,0.5,1.0,1.0421698749996722,0.0005556250107474625,2.273097500001313,1.611184791981941,0.13917316601146013,0.522739542007912,0.2920011250000001,0.012056959,2.474454625,blocks/range_gate/repeat-2/arms/symbolic_augment/campaign.json
range_gate,3,concrete_augment,True,completed,completed,verified,True,469,21,0,17,0,4,6.874163917003898,warmup_native,0.8993477090093275,native_sequence_completion,warmup_native,0.8993477090093275,False,,80,4,4,318,317,318,12,0,0.05,1.0,1.0115407920093276,0.0009717089997138828,0.9551951250177808,0,0,0.9551951250177808,0.2816329580000003,0.026043709,3.807971291,blocks/range_gate/repeat-3/arms/concrete_augment/campaign.json
range_gate,3,native_resume,True,completed,not_applicable,verified,True,634,17,0,17,0,0,7.061355625017313,warmup_native,0.8993477090093275,native_sequence_completion,warmup_native,0.8993477090093275,False,,0,0,0,0,0,0,0,0,,,1.0115407920093276,0.000909624999621883,0.0,0,0,0.0,0.2709653759999995,0.004749625,4.7854226660000005,blocks/range_gate/repeat-3/arms/native_resume/campaign.json
range_gate,3,symbolic_augment,True,completed,completed,verified,True,297,12,0,11,0,1,6.5892006249923725,warmup_native,0.8993477090093275,native_sequence_completion,warmup_native,0.8993477090093275,False,,2,1,1,126,126,126,2,0,0.5,1.0,1.0115407920093276,0.0011835000186692923,2.3952376660017762,1.7330079569946975,0.13664987499942072,0.5255798340076581,0.28546487499999973,0.011553667,2.3828976670000004,blocks/range_gate/repeat-3/arms/symbolic_augment/campaign.json
range_gate,4,concrete_augment,True,completed,completed,verified,True,521,17,8,16,0,1,6.980130583979189,auxiliary_concrete_validation,1.6423173339571804,augmentation_stage_completion_upper_bound,native_import,1.9349864599702753,False,,20,1,1,221,221,221,9,0,0.05,1.0,1.0570435839763377,0.00037208301364444196,0.5848868749744724,0,0,0.5848868749744724,0.28111745799999976,0.011174459,4.149312708,blocks/range_gate/repeat-4/arms/concrete_augment/campaign.json
range_gate,4,native_resume,True,completed,not_applicable,verified,True,570,13,8,13,8,0,6.995341791975079,native_continuation,2.982075457973445,native_sequence_completion,native_continuation,2.982075457973445,False,,0,0,0,0,0,0,0,0,,,1.0570435839763377,0.00036991699016653,0.0,0,0,0.0,0.2831713320000002,0.006166292,4.739476667,blocks/range_gate/repeat-4/arms/native_resume/campaign.json
range_gate,4,symbolic_augment,True,completed,completed,verified,True,401,18,8,17,0,1,6.808145458984654,auxiliary_concrete_validation,2.517248458985705,augmentation_stage_completion_upper_bound,native_import,2.810947749987224,False,,1,1,1,192,192,192,7,0,1.0,1.0,1.0570435839763377,0.0007237090030685067,1.4594626250036526,0.8420211249904241,0.14628437501960434,0.47115712499362417,0.2821727909999998,0.011200958,3.273607042,blocks/range_gate/repeat-4/arms/symbolic_augment/campaign.json
range_gate,5,concrete_augment,True,completed,completed,verified,True,443,22,8,19,0,4,6.898348333023023,auxiliary_concrete_validation,2.127585625014035,augmentation_stage_completion_upper_bound,native_import,2.43149829102388,False,,80,4,4,313,313,313,11,0,0.05,1.0,1.1324566660041455,0.0011557920079212636,0.9939516249869484,0,0,0.9939516249869484,0.2920590839999999,0.024768041,3.64892775,blocks/range_gate/repeat-5/arms/concrete_augment/campaign.json
range_gate,5,native_resume,True,completed,not_applicable,verified,True,574,18,8,18,8,0,6.928901498991763,native_continuation,2.896426123983848,native_sequence_completion,native_continuation,2.896426123983848,False,,0,0,0,0,0,0,0,0,,,1.1324566660041455,0.0009290000016335398,0.0,0,0,0.0,0.27773716699999973,0.005389791,4.664389084000001,blocks/range_gate/repeat-5/arms/native_resume/campaign.json
range_gate,5,symbolic_augment,True,completed,completed,verified,True,282,15,8,14,0,1,6.557104415987851,auxiliary_concrete_validation,3.4874009159975685,augmentation_stage_completion_upper_bound,native_import,3.7742916240055187,False,,2,1,1,130,130,130,5,0,0.5,1.0,1.1324566660041455,0.0009313749906141311,2.353998334001517,1.6725184170063585,0.13500229199416935,0.5464776250009891,0.2762882910000002,0.010272667,2.3042515,blocks/range_gate/repeat-5/arms/symbolic_augment/campaign.json
workflow_gate,1,concrete_augment,True,completed,no_eligible_prefix,verified,True,357,3,11,3,11,0,6.700897208007518,native_continuation,4.180839249004009,native_sequence_completion,native_continuation,4.180839249004009,False,,0,0,0,0,0,0,0,0,,,1.128643958014436,0.0001655830128584057,0.0,0,0,0.0,0.30441637499999974,0.00706275,4.6671365,blocks/workflow_gate/repeat-1/arms/concrete_augment/campaign.json
workflow_gate,1,native_resume,True,completed,not_applicable,verified,True,347,2,11,2,11,0,6.660755250020884,native_continuation,2.1662079170258783,native_sequence_completion,native_continuation,2.1662079170258783,False,,0,0,0,0,0,0,0,0,,,1.128643958014436,0.00015029101632535458,0.0,0,0,0.0,0.28471854200000024,0.0071595,4.6683548329999995,blocks/workflow_gate/repeat-1/arms/native_resume/campaign.json
workflow_gate,1,symbolic_augment,True,completed,no_eligible_prefix,verified,False,358,1,10,1,10,0,6.676472207996994,right_censored,,budget_deadline,right_censored,,True,8.0,0,0,0,0,0,0,0,0,,,1.128643958014436,0.00013624998973682523,0.0,0,0,0.0,0.3048566260000003,0.006756125,4.668386958,blocks/workflow_gate/repeat-1/arms/symbolic_augment/campaign.json
workflow_gate,2,concrete_augment,True,completed,completed,verified,True,178,8,24,6,16,3,6.482259458018234,auxiliary_concrete_validation,2.862795791006647,augmentation_stage_completion_upper_bound,native_import,3.170952707030152,False,,80,3,3,99,99,99,4,14,0.0375,1.0,1.2201048330171034,0.0009959590097423643,1.6416796249977779,0,0,1.6416796249977779,0.2860444990000004,0.051813958,2.890807459,blocks/workflow_gate/repeat-2/arms/concrete_augment/campaign.json
workflow_gate,2,native_resume,True,completed,not_applicable,verified,True,352,1,8,1,8,0,6.620981208019657,native_continuation,4.177945167027768,native_sequence_completion,native_continuation,4.177945167027768,False,,0,0,0,0,0,0,0,0,,,1.2201048330171034,0.0009024589962791651,0.0,0,0,0.0,0.2772262510000001,0.005904125,4.576070916,blocks/workflow_gate/repeat-2/arms/native_resume/campaign.json
workflow_gate,2,symbolic_augment,True,completed,no_candidate,verified,False,200,0,7,0,7,0,6.393948541022837,right_censored,,budget_deadline,right_censored,,True,8.0,3,0,0,0,0,0,0,0,0.0,,1.2201048330171034,0.0009274169860873371,2.0218474169960245,1.952686000004178,0.0,0.06916141699184664,0.291129416,0.006805792,2.5533993749999997,blocks/workflow_gate/repeat-2/arms/symbolic_augment/campaign.json
workflow_gate,3,concrete_augment,True,completed,no_eligible_prefix,verified,True,338,1,21,1,21,0,6.585781708010472,native_continuation,3.3493620820249212,native_sequence_completion,native_continuation,3.3493620820249212,False,,0,0,0,0,0,0,0,0,,,1.3111122910049744,0.0001684999733697623,0.0,0,0,0.0,0.29821754100000053,0.005924333,4.486320291999999,blocks/workflow_gate/repeat-3/arms/concrete_augment/campaign.json
workflow_gate,3,native_resume,True,completed,not_applicable,verified,True,345,1,23,1,23,0,6.599981207982637,native_continuation,1.6797500410077655,native_sequence_completion,native_continuation,1.6797500410077655,False,,0,0,0,0,0,0,0,0,,,1.3111122910049744,0.0001486249966546893,0.0,0,0,0.0,0.28219720800000037,0.006270709,4.485423625,blocks/workflow_gate/repeat-3/arms/native_resume/campaign.json
workflow_gate,3,symbolic_augment,True,completed,no_eligible_prefix,verified,True,355,1,23,1,23,0,6.606475248991046,native_continuation,4.969080916008694,native_sequence_completion,native_continuation,4.969080916008694,False,,0,0,0,0,0,0,0,0,,,1.3111122910049744,0.00013279198901727796,0.0,0,0,0.0,0.29393274999999974,0.007175667,4.484486833,blocks/workflow_gate/repeat-3/arms/symbolic_augment/campaign.json
workflow_gate,4,concrete_augment,True,completed,completed,verified,True,166,6,22,4,21,4,6.447839958971599,auxiliary_concrete_validation,2.8925780419667717,augmentation_stage_completion_upper_bound,native_import,3.205764708973934,False,,80,4,4,119,119,119,4,21,0.05,1.0,1.1293131249840371,0.000992082990705967,1.7622597079898696,0,0,1.7622597079898696,0.29449137599999986,0.061567333,2.849943125,blocks/workflow_gate/repeat-4/arms/concrete_augment/campaign.json
workflow_gate,4,native_resume,True,completed,not_applicable,verified,True,302,3,22,3,22,0,6.633148915978381,native_continuation,2.063002291979704,native_sequence_completion,native_continuation,2.063002291979704,False,,0,0,0,0,0,0,0,0,,,1.1293131249840371,0.0008985000022221357,0.0,0,0,0.0,0.2901908749999995,0.0090925,4.663006792,blocks/workflow_gate/repeat-4/arms/native_resume/campaign.json
workflow_gate,4,symbolic_augment,True,completed,no_candidate,verified,True,171,3,22,3,22,0,6.376402708992828,native_continuation,4.246971708003794,native_sequence_completion,native_continuation,4.246971708003794,False,,2,0,0,0,0,0,0,0,0.0,,1.1293131249840371,0.0009512499964330345,1.9940503340039868,1.9421926670183893,0.0,0.05185766698559746,0.28862462499999975,0.007872625,2.670289083,blocks/workflow_gate/repeat-4/arms/symbolic_augment/campaign.json
workflow_gate,5,concrete_augment,True,completed,completed,verified,True,221,3,20,2,20,2,6.498537958977977,warmup_native,0.8597122499785026,native_sequence_completion,warmup_native,0.8597122499785026,False,,40,2,2,118,118,118,2,13,0.05,1.0,1.1709209169785026,0.0004830000107176602,1.0043207079870626,0,0,1.0043207079870626,0.285290791,0.032818125,3.593284042,blocks/workflow_gate/repeat-5/arms/concrete_augment/campaign.json
workflow_gate,5,native_resume,True,completed,not_applicable,verified,True,321,2,7,2,7,0,6.624653791979654,warmup_native,0.8597122499785026,native_sequence_completion,warmup_native,0.8597122499785026,False,,0,0,0,0,0,0,0,0,,,1.1709209169785026,0.0006374169897753745,0.0,0,0,0.0,0.2992422499999998,0.008774042,4.6210984580000005,blocks/workflow_gate/repeat-5/arms/native_resume/campaign.json
workflow_gate,5,symbolic_augment,True,completed,no_candidate,verified,True,181,0,7,0,7,0,6.398267500975635,warmup_native,0.8597122499785026,native_sequence_completion,warmup_native,0.8597122499785026,False,,2,0,0,0,0,0,0,0,0.0,,1.1709209169785026,0.000521208014106378,2.0494770419900306,1.9885955000354443,0.0,0.06088154195458628,0.28195758300000007,0.008148875,2.572043417,blocks/workflow_gate/repeat-5/arms/symbolic_augment/campaign.json
